vendor_name,vendor_slug,product_name,sku,size_label,listed_price_usd,price_per_mg_usd,lot_or_batch,lab_name,lab_id,verification_status,verified,janoshik_unique_key,janoshik_task_number,purity_pct,coa_url,analytes_present,commissioning_party,data_quality,endotoxin,enforcement_risk_flags,entity_type,id,methods_present,notes,peptide_identity,pharmacy_lists_peptide,scraped_at,source_url,sterility_status,strength_mg,vendor_url,verification_key_present
Panda Peptides,panda_peptides,5-Amino-1MQ 40mg,PP-001,40mg,44.99,1.1248,PP2603-001B,Janoshik Analytical,janoshik,verified_on_lab_portal,True,CQA3S9ZDKX3W,212696,,https://pandapeptides.com/coa/,['amount'],vendor,complete_lot_coa,<10 EU/Vial (1.000 EU/Vial estimate),[],RUO,pqi_b077b8777619d0c2,['HPLC'],amount 40.29 mg stated; purity not stated on hub card COA summary from vendor hub; Janoshik/ILS verify links present on page but portal re-check not completed this pilot (unique key required). verification_status=vendor_pdf.; Portal recheck 2026-08-22: verified_on_lab_portal via janoshik.com/verification/?task=212696&key=CQA3S9ZDKX3W (Open report + verify.janoshik.com Test Report #212696). Source=direct_verify. Portal HTML exposes report image only; no structured purity/date copied.,5-Amino-1MQ,,2026-08-22T23:59:13Z,https://pandapeptides.com/coa/,not_tested,40.0,https://pandapeptides.com/,True
Panda Peptides,panda_peptides,AOD-9604,PP-003,,29.99,,PP2603-003A,Janoshik Analytical,janoshik,verified_on_lab_portal,True,HAR3HE1I6FHK,212704,99.906,https://pandapeptides.com/coa/,"['purity', 'endotoxin']",vendor,complete_lot_coa,<10 EU/Vial (1.000 EU/Vial estimate),[],RUO,pqi_0142d214e6710db8,['HPLC'],COA summary from vendor hub; Janoshik/ILS verify links present on page but portal re-check not completed this pilot (unique key required). verification_status=vendor_pdf.; Portal recheck 2026-08-22: verified_on_lab_portal via janoshik.com/verification/?task=212704&key=HAR3HE1I6FHK (Open report + verify.janoshik.com Test Report #212704). Source=direct_verify. Portal HTML exposes report image only; no structured purity/date copied.,AOD-9604,,2026-08-22T23:59:13Z,https://pandapeptides.com/coa/,not_tested,,https://pandapeptides.com/,True
Panda Peptides,panda_peptides,ARA-290 10mg,PP-042,10mg,44.99,4.499,PP2603-042,Janoshik Analytical,janoshik,verified_on_lab_portal,True,6T834R4V7UXU,212692,98.431,https://pandapeptides.com/coa/,"['purity', 'endotoxin']",vendor,complete_lot_coa,<10 EU/Vial (1.000 EU/Vial estimate),[],RUO,pqi_22b5ce1193de3661,['HPLC'],COA summary from vendor hub; Janoshik/ILS verify links present on page but portal re-check not completed this pilot (unique key required). verification_status=vendor_pdf.; Portal recheck 2026-08-22: verified_on_lab_portal via janoshik.com/verification/?task=212692&key=6T834R4V7UXU (Open report + verify.janoshik.com Test Report #212692). Source=direct_verify. Portal HTML exposes report image only; no structured purity/date copied.,ARA-290,,2026-08-22T23:59:13Z,https://pandapeptides.com/coa/,not_tested,10.0,https://pandapeptides.com/,True
Panda Peptides,panda_peptides,BPC-157,PP-006,,24.99,,PP2602-006B,Janoshik Analytical,janoshik,verified_on_lab_portal,True,KWGQZ94PNYH3,194141,99.557,https://pandapeptides.com/coa/,"['purity', 'endotoxin']",vendor,complete_lot_coa,3.059 EU/Vial,[],RUO,pqi_3e0189a4deef8e2b,['HPLC'],COA summary from vendor hub; Janoshik/ILS verify links present on page but portal re-check not completed this pilot (unique key required). verification_status=vendor_pdf.; Portal recheck 2026-08-22: verified_on_lab_portal via janoshik.com/verification/?task=194141&key=KWGQZ94PNYH3 (Open report + verify.janoshik.com Test Report #194141). Source=direct_verify. Portal HTML exposes report image only; no structured purity/date copied.,BPC-157,,2026-08-22T23:59:13Z,https://pandapeptides.com/coa/,not_tested,,https://pandapeptides.com/,True
Panda Peptides,panda_peptides,BPC/TB Blend,PP-007,,42.99,,PP2602-007A,Janoshik Analytical,janoshik,verified_on_lab_portal,True,LZTKPBRRZ828,152434,,https://pandapeptides.com/coa/,['identity'],vendor,complete_lot_coa,,[],RUO,pqi_14fe176e8bbeef2f,[],hub: multi-component verified; purity not numeric on card COA summary from vendor hub; Janoshik/ILS verify links present on page but portal re-check not completed this pilot (unique key required). verification_status=vendor_pdf.; Portal recheck 2026-08-22: verified_on_lab_portal via janoshik.com/verification/?task=152434&key=LZTKPBRRZ828 (Open report + verify.janoshik.com Test Report #152434). Source=direct_verify. Portal HTML exposes report image only; no structured purity/date copied.,BPC/TB Blend,,2026-08-22T23:59:13Z,https://pandapeptides.com/coa/,not_tested,,https://pandapeptides.com/,True
Panda Peptides,panda_peptides,Cagrilintide,PP-014,,39.99,,PP2601,Janoshik Analytical,janoshik,verified_on_lab_portal,True,21WR7653NN8Q,113207,99.63,https://pandapeptides.com/coa/,['purity'],vendor,complete_lot_coa,,['glp_analog_or_metabolic_peptide_listed'],RUO,pqi_9971befdfc08b39b,['HPLC'],COA summary from vendor hub; Janoshik/ILS verify links present on page but portal re-check not completed this pilot (unique key required). verification_status=vendor_pdf.; Portal recheck 2026-08-22: verified_on_lab_portal via janoshik.com/verification/?task=113207&key=21WR7653NN8Q (Open report + verify.janoshik.com Test Report #113207). Source=direct_verify. Portal HTML exposes report image only; no structured purity/date copied.,Cagrilintide,,2026-08-22T23:59:13Z,https://pandapeptides.com/coa/,not_tested,,https://pandapeptides.com/,True
Panda Peptides,panda_peptides,CJC-1295 (NO DAC) + Ipamorelin,PP-008,,49.99,,PP2602-008AA / PP2602-008AB,Janoshik Analytical,janoshik,verified_on_lab_portal,True,8I3SQMQM5UN1,168114,,https://pandapeptides.com/coa/,"['amount', 'endotoxin']",vendor,complete_lot_coa,<1 EU/Vial,[],RUO,pqi_7e6ca76f6088594e,[],amount Ipamorelin 4.86mg; CJC-1295 5.07mg on PP2602-008AB COA summary from vendor hub; Janoshik/ILS verify links present on page but portal re-check not completed this pilot (unique key required). verification_status=vendor_pdf.; Portal recheck 2026-08-22: verified_on_lab_portal via janoshik.com/verification/?task=168114&key=8I3SQMQM5UN1 (Open report + verify.janoshik.com Test Report #168114). Source=direct_verify. Portal HTML exposes report image only; no structured purity/date copied.,CJC-1295,,2026-08-22T23:59:13Z,https://pandapeptides.com/coa/,not_tested,,https://pandapeptides.com/,True
Panda Peptides,panda_peptides,CJC-1295 (NO DAC) 5mg,PP-043,5mg,30.79,6.158,PP2602-043,Janoshik Analytical,janoshik,verified_on_lab_portal,True,CUDFML9VKXP1,168148,99.624,https://pandapeptides.com/coa/,"['purity', 'endotoxin']",vendor,complete_lot_coa,<1 EU/Vial,[],RUO,pqi_5a86513acc86a71f,['HPLC'],COA summary from vendor hub; Janoshik/ILS verify links present on page but portal re-check not completed this pilot (unique key required). verification_status=vendor_pdf.; Portal recheck 2026-08-22: verified_on_lab_portal via janoshik.com/verification/?task=168148&key=CUDFML9VKXP1 (Open report + verify.janoshik.com Test Report #168148). Source=direct_verify. Portal HTML exposes report image only; no structured purity/date copied.,CJC-1295,,2026-08-22T23:59:13Z,https://pandapeptides.com/coa/,not_tested,5.0,https://pandapeptides.com/,True
Panda Peptides,panda_peptides,CJC-1295 (WITH DAC) 5mg,PP-009,5mg,39.99,7.998,PP2602-009A,Janoshik Analytical,janoshik,verified_on_lab_portal,True,N9ZFIRGHBZ1J,152437,98.178,https://pandapeptides.com/coa/,['purity'],vendor,complete_lot_coa,,[],RUO,pqi_079094e89e5fac26,['HPLC'],COA summary from vendor hub; Janoshik/ILS verify links present on page but portal re-check not completed this pilot (unique key required). verification_status=vendor_pdf.; Portal recheck 2026-08-22: verified_on_lab_portal via janoshik.com/verification/?task=152437&key=N9ZFIRGHBZ1J (Open report + verify.janoshik.com Test Report #152437). Source=direct_verify. Portal HTML exposes report image only; no structured purity/date copied.,CJC-1295,,2026-08-22T23:59:13Z,https://pandapeptides.com/coa/,not_tested,5.0,https://pandapeptides.com/,True
Panda Peptides,panda_peptides,Double Receptor Agonist,PP-DRA,,28.99,,PP2602-017BB,Janoshik Analytical,janoshik,verified_on_lab_portal,True,RUMS755BBZLZ,194169,99.586,https://pandapeptides.com/coa/,"['purity', 'endotoxin']",vendor,complete_lot_coa,1.197 EU/Vial,['glp_analog_or_metabolic_peptide_listed'],RUO,pqi_3306ad9c33d2d202,['HPLC'],COA summary from vendor hub; Janoshik/ILS verify links present on page but portal re-check not completed this pilot (unique key required). verification_status=vendor_pdf.; Portal recheck 2026-08-22: verified_on_lab_portal via janoshik.com/verification/?task=194169&key=RUMS755BBZLZ (Open report + verify.janoshik.com Test Report #194169). Source=lab_shortlink. Portal HTML exposes report image only; no structured purity/date copied.,Double Receptor Agonist,,2026-08-22T23:59:13Z,https://pandapeptides.com/coa/,not_tested,,https://pandapeptides.com/,True
Panda Peptides,panda_peptides,DSIP,PP-010,,29.99,,PP2603-010B,Janoshik Analytical,janoshik,verified_on_lab_portal,True,M8B6VKGFLDIV,212684,99.263,https://pandapeptides.com/coa/,"['purity', 'endotoxin']",vendor,complete_lot_coa,<10 EU/Vial (1.000 EU/Vial estimate),[],RUO,pqi_d81a618d119f2f5f,['HPLC'],COA summary from vendor hub; Janoshik/ILS verify links present on page but portal re-check not completed this pilot (unique key required). verification_status=vendor_pdf.; Portal recheck 2026-08-22: verified_on_lab_portal via janoshik.com/verification/?task=212684&key=M8B6VKGFLDIV (Open report + verify.janoshik.com Test Report #212684). Source=direct_verify. Portal HTML exposes report image only; no structured purity/date copied.,DSIP,,2026-08-22T23:59:13Z,https://pandapeptides.com/coa/,not_tested,,https://pandapeptides.com/,True
Panda Peptides,panda_peptides,Epithalon 10mg,PP-011,10mg,32.89,3.289,PP2601,Janoshik Analytical,janoshik,verified_on_lab_portal,True,H4BVTPH6SDSW,113203,99.41,https://pandapeptides.com/coa/,['purity'],vendor,complete_lot_coa,,[],RUO,pqi_1ca6db0c373c9248,['HPLC'],COA summary from vendor hub; Janoshik/ILS verify links present on page but portal re-check not completed this pilot (unique key required). verification_status=vendor_pdf.; Portal recheck 2026-08-22: verified_on_lab_portal via janoshik.com/verification/?task=113203&key=H4BVTPH6SDSW (Open report + verify.janoshik.com Test Report #113203). Source=direct_verify. Portal HTML exposes report image only; no structured purity/date copied.,Epithalon,,2026-08-22T23:59:13Z,https://pandapeptides.com/coa/,not_tested,10.0,https://pandapeptides.com/,True
Panda Peptides,panda_peptides,GHK-Cu,PP-012,50mg,26.87,0.5374,PP2602-012AA,Janoshik Analytical,janoshik,verified_on_lab_portal,True,3M59ETIXMXUG,168135,99.925,https://pandapeptides.com/coa/,"['purity', 'amount', 'endotoxin']",vendor,complete_lot_coa,endotoxin report #168137 published,[],RUO,pqi_1bcc53ac6be48d32,['HPLC'],Janoshik report #168135 cited on hub; portal re-check not completed this pilot (verify form requires key) COA summary from vendor hub; Janoshik/ILS verify links present on page but portal re-check not completed this pilot (unique key required). verification_status=vendor_pdf.; Portal recheck 2026-08-22: verified_on_lab_portal via janoshik.com/verification/?task=168135&key=3M59ETIXMXUG (Open report + verify.janoshik.com Test Report #168135). Source=direct_verify. Portal HTML exposes report image only; no structured purity/date copied.,GHK-Cu,,2026-08-22T23:59:13Z,https://pandapeptides.com/coa/,not_tested,50.0,https://pandapeptides.com/,True
Panda Peptides,panda_peptides,GHK-Cu / TB-500 / BPC-157 Blend (GLOW) 70mg,PP-013,70mg,89.99,1.2856,PP2601,Janoshik Analytical,janoshik,verified_on_lab_portal,True,Z5AD34TRIWWD,113181,,https://pandapeptides.com/coa/,['identity'],vendor,complete_lot_coa,,[],RUO,pqi_db7ca0619c035487,[],hub: published independent report; purity not numeric on card COA summary from vendor hub; Janoshik/ILS verify links present on page but portal re-check not completed this pilot (unique key required). verification_status=vendor_pdf.; Portal recheck 2026-08-22: verified_on_lab_portal via janoshik.com/verification/?task=113181&key=Z5AD34TRIWWD (Open report + verify.janoshik.com Test Report #113181). Source=direct_verify. Portal HTML exposes report image only; no structured purity/date copied.,GHK-Cu / TB-500 / BPC-157 Blend,,2026-08-22T23:59:13Z,https://pandapeptides.com/coa/,not_tested,70.0,https://pandapeptides.com/,True
Panda Peptides,panda_peptides,GLP-1S,PP-016,,19.99,,PP2602-016B,Janoshik Analytical,janoshik,verified_on_lab_portal,True,SNTT7N5KVJSZ,194161,99.475,https://pandapeptides.com/coa/,"['purity', 'endotoxin']",vendor,complete_lot_coa,1.295 EU/Vial,['glp_analog_or_metabolic_peptide_listed'],RUO,pqi_5db91eb2c456603d,['HPLC'],GLP-1 analog naming on storefront COA summary from vendor hub; Janoshik/ILS verify links present on page but portal re-check not completed this pilot (unique key required). verification_status=vendor_pdf.; Portal recheck 2026-08-22: verified_on_lab_portal via janoshik.com/verification/?task=194161&key=SNTT7N5KVJSZ (Open report + verify.janoshik.com Test Report #194161). Source=direct_verify. Portal HTML exposes report image only; no structured purity/date copied.,GLP-1S,,2026-08-22T23:59:13Z,https://pandapeptides.com/coa/,not_tested,,https://pandapeptides.com/,True
Panda Peptides,panda_peptides,IGF-1 LR3 1mg,PP-023-A,1mg,44.99,44.99,PP2604-023A,ILS Laboratories,other,vendor_pdf,False,,,99.66,https://pandapeptides.com/coa/,['purity'],vendor,complete_lot_coa,,[],RUO,pqi_2f0f434903b4579f,['HPLC'],"ILS Labs verify link on hub COA summary from vendor hub; Janoshik/ILS verify links present on page but portal re-check not completed this pilot (unique key required). verification_status=vendor_pdf.; Portal recheck 2026-08-22: skipped Janoshik portal (current COA is non-Janoshik lab). verification_key_present may reflect vendor verify UI, not a Janoshik Task#+Unique key.",IGF-1 LR3,,2026-08-22T23:59:13Z,https://pandapeptides.com/coa/,not_tested,1.0,https://pandapeptides.com/,True
Panda Peptides,panda_peptides,Ipamorelin,PP-024,,20.99,,PP2602-024A,Janoshik Analytical,janoshik,verified_on_lab_portal,True,1QFJXWKL2TME,152450,99.524,https://pandapeptides.com/coa/,['purity'],vendor,complete_lot_coa,,[],RUO,pqi_64a472b43d27611e,['HPLC'],COA summary from vendor hub; Janoshik/ILS verify links present on page but portal re-check not completed this pilot (unique key required). verification_status=vendor_pdf.; Portal recheck 2026-08-22: verified_on_lab_portal via janoshik.com/verification/?task=152450&key=1QFJXWKL2TME (Open report + verify.janoshik.com Test Report #152450). Source=direct_verify. Portal HTML exposes report image only; no structured purity/date copied.,Ipamorelin,,2026-08-22T23:59:13Z,https://pandapeptides.com/coa/,not_tested,,https://pandapeptides.com/,True
Panda Peptides,panda_peptides,Kisspeptin-10,PP-025,,22.99,,PP2602-025B,Janoshik Analytical,janoshik,verified_on_lab_portal,True,X6UC969RQN7V,194129,98.724,https://pandapeptides.com/coa/,"['purity', 'endotoxin']",vendor,complete_lot_coa,1.342 EU/Vial,[],RUO,pqi_2614ed1f9e0c11c7,['HPLC'],COA summary from vendor hub; Janoshik/ILS verify links present on page but portal re-check not completed this pilot (unique key required). verification_status=vendor_pdf.; Portal recheck 2026-08-22: verified_on_lab_portal via janoshik.com/verification/?task=194129&key=X6UC969RQN7V (Open report + verify.janoshik.com Test Report #194129). Source=direct_verify. Portal HTML exposes report image only; no structured purity/date copied.,Kisspeptin-10,,2026-08-22T23:59:13Z,https://pandapeptides.com/coa/,not_tested,,https://pandapeptides.com/,True
Panda Peptides,panda_peptides,KLOW 80mg,PP-026,80mg,99.99,1.2499,PP2603-026,Janoshik Analytical,janoshik,verified_on_lab_portal,True,HJVAQCPFF7XT,212688,,https://pandapeptides.com/coa/,"['identity', 'endotoxin']",vendor,complete_lot_coa,<10 EU/Vial (3.608 EU/Vial estimate),[],RUO,pqi_b8752bc91f67453b,[],multi-component verified COA summary from vendor hub; Janoshik/ILS verify links present on page but portal re-check not completed this pilot (unique key required). verification_status=vendor_pdf.; Portal recheck 2026-08-22: verified_on_lab_portal via janoshik.com/verification/?task=212688&key=HJVAQCPFF7XT (Open report + verify.janoshik.com Test Report #212688). Source=direct_verify. Portal HTML exposes report image only; no structured purity/date copied.,KLOW,,2026-08-22T23:59:13Z,https://pandapeptides.com/coa/,not_tested,80.0,https://pandapeptides.com/,True
Panda Peptides,panda_peptides,KPV 10mg,PP-027,10mg,39.99,3.999,PP2601,Janoshik Analytical,janoshik,verified_on_lab_portal,True,T4U3EJ4XBXQ6,113197,99.22,https://pandapeptides.com/coa/,['purity'],vendor,complete_lot_coa,,[],RUO,pqi_9a0ace149ff7a9ed,['HPLC'],COA summary from vendor hub; Janoshik/ILS verify links present on page but portal re-check not completed this pilot (unique key required). verification_status=vendor_pdf.; Portal recheck 2026-08-22: verified_on_lab_portal via janoshik.com/verification/?task=113197&key=T4U3EJ4XBXQ6 (Open report + verify.janoshik.com Test Report #113197). Source=direct_verify. Portal HTML exposes report image only; no structured purity/date copied.,KPV,,2026-08-22T23:59:13Z,https://pandapeptides.com/coa/,not_tested,10.0,https://pandapeptides.com/,True
Panda Peptides,panda_peptides,Melanotan I (MT-1) 10mg,PP-048,10mg,28.99,2.899,PP2604-048,ILS Laboratories,other,vendor_pdf,False,,,99.89,https://pandapeptides.com/coa/,['purity'],vendor,complete_lot_coa,,[],RUO,pqi_76ad234dab4a975f,['HPLC'],"COA summary from vendor hub; Janoshik/ILS verify links present on page but portal re-check not completed this pilot (unique key required). verification_status=vendor_pdf.; Portal recheck 2026-08-22: skipped Janoshik portal (current COA is non-Janoshik lab). verification_key_present may reflect vendor verify UI, not a Janoshik Task#+Unique key.",Melanotan I,,2026-08-22T23:59:13Z,https://pandapeptides.com/coa/,not_tested,10.0,https://pandapeptides.com/,True
Panda Peptides,panda_peptides,Melanotan II (MT-2) 10mg,PP-030,10mg,28.04,2.804,PP2602-007A,Janoshik Analytical,janoshik,verified_on_lab_portal,True,FCMSUWYG5ZDH,168093,99.782,https://pandapeptides.com/coa/,"['purity', 'endotoxin']",vendor,complete_lot_coa,1.150 EU/Vial,[],RUO,pqi_3edc8422e76d64d7,['HPLC'],COA summary from vendor hub; Janoshik/ILS verify links present on page but portal re-check not completed this pilot (unique key required). verification_status=vendor_pdf.; Portal recheck 2026-08-22: verified_on_lab_portal via janoshik.com/verification/?task=168093&key=FCMSUWYG5ZDH (Open report + verify.janoshik.com Test Report #168093). Source=direct_verify. Portal HTML exposes report image only; no structured purity/date copied.,Melanotan II,,2026-08-22T23:59:13Z,https://pandapeptides.com/coa/,not_tested,10.0,https://pandapeptides.com/,True
Panda Peptides,panda_peptides,MOTS-c,PP-031,,44.99,,PP2602-031A,Janoshik Analytical,janoshik,verified_on_lab_portal,True,ZICD5WCJDD8X,152452,99.043,https://pandapeptides.com/coa/,['purity'],vendor,complete_lot_coa,,[],RUO,pqi_0043966773b0f849,['HPLC'],COA summary from vendor hub; Janoshik/ILS verify links present on page but portal re-check not completed this pilot (unique key required). verification_status=vendor_pdf.; Portal recheck 2026-08-22: verified_on_lab_portal via janoshik.com/verification/?task=152452&key=ZICD5WCJDD8X (Open report + verify.janoshik.com Test Report #152452). Source=direct_verify. Portal HTML exposes report image only; no structured purity/date copied.,MOTS-c,,2026-08-22T23:59:13Z,https://pandapeptides.com/coa/,not_tested,,https://pandapeptides.com/,True
Panda Peptides,panda_peptides,NAD+ 500mg,PP-032,500mg,38.39,0.0768,PP2602-0322,Janoshik Analytical,janoshik,verified_on_lab_portal,True,M1J586L95F2F,152455,,https://pandapeptides.com/coa/,['amount'],vendor,complete_lot_coa,,[],RUO,pqi_5cd67206a9845044,[],hub amount 520.65 mg; purity not stated on card COA summary from vendor hub; Janoshik/ILS verify links present on page but portal re-check not completed this pilot (unique key required). verification_status=vendor_pdf.; Portal recheck 2026-08-22: verified_on_lab_portal via janoshik.com/verification/?task=152455&key=M1J586L95F2F (Open report + verify.janoshik.com Test Report #152455). Source=direct_verify. Portal HTML exposes report image only; no structured purity/date copied.,NAD+,,2026-08-22T23:59:13Z,https://pandapeptides.com/coa/,not_tested,500.0,https://pandapeptides.com/,True
Panda Peptides,panda_peptides,Peptide-31,PP-054,,29.99,,PP2603-054B,Janoshik Analytical,janoshik,verified_on_lab_portal,True,4BSRGHAC7Y7S,212708,99.731,https://pandapeptides.com/coa/,"['purity', 'endotoxin']",vendor,complete_lot_coa,<10 EU/Vial (1.000 EU/Vial estimate),[],RUO,pqi_7bff8d6b97d241c3,['HPLC'],COA summary from vendor hub; Janoshik/ILS verify links present on page but portal re-check not completed this pilot (unique key required). verification_status=vendor_pdf.; Portal recheck 2026-08-22: verified_on_lab_portal via janoshik.com/verification/?task=212708&key=4BSRGHAC7Y7S (Open report + verify.janoshik.com Test Report #212708). Source=direct_verify. Portal HTML exposes report image only; no structured purity/date copied.,Peptide-31,,2026-08-22T23:59:13Z,https://pandapeptides.com/coa/,not_tested,,https://pandapeptides.com/,True
Panda Peptides,panda_peptides,PT-141 10mg,PP-034,10mg,34.99,3.499,PP2602-034,Janoshik Analytical,janoshik,verified_on_lab_portal,True,LLRS77MQH57M,194133,99.893,https://pandapeptides.com/coa/,"['purity', 'endotoxin']",vendor,complete_lot_coa,1.555 EU/Vial,[],RUO,pqi_27ab00c1dbad81f9,['HPLC'],COA summary from vendor hub; Janoshik/ILS verify links present on page but portal re-check not completed this pilot (unique key required). verification_status=vendor_pdf.; Portal recheck 2026-08-22: verified_on_lab_portal via janoshik.com/verification/?task=194133&key=LLRS77MQH57M (Open report + verify.janoshik.com Test Report #194133). Source=direct_verify. Portal HTML exposes report image only; no structured purity/date copied.,PT-141,,2026-08-22T23:59:13Z,https://pandapeptides.com/coa/,not_tested,10.0,https://pandapeptides.com/,True
Panda Peptides,panda_peptides,Selank,PP-035,,21.99,,PP2602-035A,Janoshik Analytical,janoshik,verified_on_lab_portal,True,2IKQJSYT4AR4,194189,,https://pandapeptides.com/coa/,"['amount', 'endotoxin']",vendor,complete_lot_coa,1.131 EU/Vial,[],RUO,pqi_e13fd6edf8ccede8,[],hub amount 5.31 mg COA summary from vendor hub; Janoshik/ILS verify links present on page but portal re-check not completed this pilot (unique key required). verification_status=vendor_pdf.; Portal recheck 2026-08-22: verified_on_lab_portal via janoshik.com/verification/?task=194189&key=2IKQJSYT4AR4 (Open report + verify.janoshik.com Test Report #194189). Source=direct_verify. Portal HTML exposes report image only; no structured purity/date copied.,Selank,,2026-08-22T23:59:13Z,https://pandapeptides.com/coa/,not_tested,,https://pandapeptides.com/,True
Panda Peptides,panda_peptides,Semax,PP-036,,19.99,,PP2602-036A,Janoshik Analytical,janoshik,verified_on_lab_portal,True,EN7YRW9FY81E,194185,,https://pandapeptides.com/coa/,"['amount', 'endotoxin']",vendor,complete_lot_coa,2.039 EU/Vial,[],RUO,pqi_4a5a64c3e017e764,[],hub amount 5.47 mg COA summary from vendor hub; Janoshik/ILS verify links present on page but portal re-check not completed this pilot (unique key required). verification_status=vendor_pdf.; Portal recheck 2026-08-22: verified_on_lab_portal via janoshik.com/verification/?task=194185&key=EN7YRW9FY81E (Open report + verify.janoshik.com Test Report #194185). Source=direct_verify. Portal HTML exposes report image only; no structured purity/date copied.,Semax,,2026-08-22T23:59:13Z,https://pandapeptides.com/coa/,not_tested,,https://pandapeptides.com/,True
Panda Peptides,panda_peptides,Sermorelin 10mg,PP-037,10mg,49.99,4.999,PP2602-0377,Janoshik Analytical,janoshik,verified_on_lab_portal,True,62V9MT64T4MY,152456,99.213,https://pandapeptides.com/coa/,['purity'],vendor,complete_lot_coa,,[],RUO,pqi_b37439dbd9d677a8,['HPLC'],COA summary from vendor hub; Janoshik/ILS verify links present on page but portal re-check not completed this pilot (unique key required). verification_status=vendor_pdf.; Portal recheck 2026-08-22: verified_on_lab_portal via janoshik.com/verification/?task=152456&key=62V9MT64T4MY (Open report + verify.janoshik.com Test Report #152456). Source=direct_verify. Portal HTML exposes report image only; no structured purity/date copied.,Sermorelin,,2026-08-22T23:59:13Z,https://pandapeptides.com/coa/,not_tested,10.0,https://pandapeptides.com/,True
Panda Peptides,panda_peptides,TB-500,PP-038,,24.99,,PP2601,Janoshik Analytical,janoshik,verified_on_lab_portal,True,H5MBSTP5TH48,113211,98.48,https://pandapeptides.com/coa/,['purity'],vendor,complete_lot_coa,,[],RUO,pqi_c8e91cfcdfdf937b,['HPLC'],COA summary from vendor hub; Janoshik/ILS verify links present on page but portal re-check not completed this pilot (unique key required). verification_status=vendor_pdf.; Portal recheck 2026-08-22: verified_on_lab_portal via janoshik.com/verification/?task=113211&key=H5MBSTP5TH48 (Open report + verify.janoshik.com Test Report #113211). Source=direct_verify. Portal HTML exposes report image only; no structured purity/date copied.,TB-500,,2026-08-22T23:59:13Z,https://pandapeptides.com/coa/,not_tested,,https://pandapeptides.com/,True
Panda Peptides,panda_peptides,Tesamorelin 10mg,PP-039-B,10mg,54.99,5.499,PP2604-039B,ILS Laboratories,other,vendor_pdf,False,,,99.48,https://pandapeptides.com/coa/,['purity'],vendor,complete_lot_coa,,[],RUO,pqi_e84aa26cc690c67c,['HPLC'],"COA summary from vendor hub; Janoshik/ILS verify links present on page but portal re-check not completed this pilot (unique key required). verification_status=vendor_pdf.; Portal recheck 2026-08-22: skipped Janoshik portal (current COA is non-Janoshik lab). verification_key_present may reflect vendor verify UI, not a Janoshik Task#+Unique key.",Tesamorelin,,2026-08-22T23:59:13Z,https://pandapeptides.com/coa/,not_tested,10.0,https://pandapeptides.com/,True
Panda Peptides,panda_peptides,Tesamorelin 10mg + Ipamorelin 3mg,PP-055,10mg+3mg,64.99,6.499,PP2603-055,Janoshik Analytical,janoshik,verified_on_lab_portal,True,5VEE2JILG3WE,212680,,https://pandapeptides.com/coa/,"['identity', 'endotoxin']",vendor,complete_lot_coa,<10 EU/Vial (1.000 EU/Vial estimate),[],RUO,pqi_0e0bb0a21cc1dd6d,[],COA summary from vendor hub; Janoshik/ILS verify links present on page but portal re-check not completed this pilot (unique key required). verification_status=vendor_pdf.; Portal recheck 2026-08-22: verified_on_lab_portal via janoshik.com/verification/?task=212680&key=5VEE2JILG3WE (Open report + verify.janoshik.com Test Report #212680). Source=direct_verify. Portal HTML exposes report image only; no structured purity/date copied.,Tesamorelin 10mg + Ipamorelin 3mg,,2026-08-22T23:59:13Z,https://pandapeptides.com/coa/,not_tested,10.0,https://pandapeptides.com/,True
Panda Peptides,panda_peptides,Thymosin Alpha-1,PP-041,,33.99,,PP2602-041A,Janoshik Analytical,janoshik,verified_on_lab_portal,True,J3HB6DI2FS9V,168162,99.349,https://pandapeptides.com/coa/,"['purity', 'endotoxin']",vendor,complete_lot_coa,2.483 EU/Vial,[],RUO,pqi_c24d759afb6c76fc,['HPLC'],COA summary from vendor hub; Janoshik/ILS verify links present on page but portal re-check not completed this pilot (unique key required). verification_status=vendor_pdf.; Portal recheck 2026-08-22: verified_on_lab_portal via janoshik.com/verification/?task=168162&key=J3HB6DI2FS9V (Open report + verify.janoshik.com Test Report #168162). Source=direct_verify. Portal HTML exposes report image only; no structured purity/date copied.,Thymosin Alpha-1,,2026-08-22T23:59:13Z,https://pandapeptides.com/coa/,not_tested,,https://pandapeptides.com/,True
Panda Peptides,panda_peptides,Triple Receptor Agonist,PP-TRA,,39.99,,PP2602-018D,Janoshik Analytical,janoshik,verified_on_lab_portal,True,5P3U5T7IXDIL,152442,99.875,https://pandapeptides.com/coa/,"['purity', 'endotoxin', 'heavy_metals']",vendor,complete_lot_coa,1.414 EU/vial,['glp_analog_or_metabolic_peptide_listed'],RUO,pqi_815c6b8fabfc81a1,['HPLC'],"heavy metals As,Cd,Pb,Hg not detected stated on hub COA summary from vendor hub; Janoshik/ILS verify links present on page but portal re-check not completed this pilot (unique key required). verification_status=vendor_pdf.; Portal recheck 2026-08-22: verified_on_lab_portal via janoshik.com/verification/?task=152442&key=5P3U5T7IXDIL (Open report + verify.janoshik.com Test Report #152442). Source=lab_shortlink. Portal HTML exposes report image only; no structured purity/date copied.",Triple Receptor Agonist,,2026-08-22T23:59:13Z,https://pandapeptides.com/coa/,not_tested,,https://pandapeptides.com/,True
BioInfinity Lab,bioinfinity_lab,DSIP (5 mg),BIL-DSIP-01-2606,5 mg,70.0,14.0,BIL-DSIP-01-2606,Verum Analytics,other,vendor_pdf,False,,,99.7,https://www.bioinfinitylab.com/coa-library,['purity'],vendor,complete_lot_coa,,[],RUO,pqi_e118a78429eb9b27,"['HPLC-UV', 'MS']",Vendor COA library row; lab listed as Verum Analytics; test date 2026-06-11. Individual COA PDF not opened this pilot — purity as published on library table.,DSIP,,2026-08-22T23:59:13Z,https://www.bioinfinitylab.com/coa-library,unknown,5.0,https://www.bioinfinitylab.com/,False
BioInfinity Lab,bioinfinity_lab,SS-31 (10 mg),BIL-SS31-01-2606,10 mg,60.0,6.0,BIL-SS31-01-2606,Verum Analytics,other,vendor_pdf,False,,,99.9,https://www.bioinfinitylab.com/coa-library,['purity'],vendor,complete_lot_coa,,[],RUO,pqi_5ac8ebbc6b023f32,"['HPLC-UV', 'MS']",Vendor COA library row; lab listed as Verum Analytics; test date 2026-06-17. Individual COA PDF not opened this pilot — purity as published on library table.,SS-31,,2026-08-22T23:59:13Z,https://www.bioinfinitylab.com/coa-library,unknown,10.0,https://www.bioinfinitylab.com/,False
BioInfinity Lab,bioinfinity_lab,IGF-1 LR3 (1 mg),BIL-IGF-01-2606,1 mg,110.0,110.0,BIL-IGF-01-2606,Verum Analytics,other,vendor_pdf,False,,,99.8,https://www.bioinfinitylab.com/coa-library,['purity'],vendor,complete_lot_coa,,[],RUO,pqi_0ebedf594709142d,"['HPLC-UV', 'MS']",Vendor COA library row; lab listed as Verum Analytics; test date 2026-06-10. Individual COA PDF not opened this pilot — purity as published on library table.,IGF-1 LR3,,2026-08-22T23:59:13Z,https://www.bioinfinitylab.com/coa-library,unknown,1.0,https://www.bioinfinitylab.com/,False
BioInfinity Lab,bioinfinity_lab,KLOW 80 (GHK-Cu / KPV / BPC-157 / TB-500) (80 mg),BIL-KL80-01-2605,80 mg,240.0,3.0,BIL-KL80-01-2605,Verum Analytics,other,vendor_pdf,False,,,99.7,https://www.bioinfinitylab.com/coa-library,['purity'],vendor,complete_lot_coa,,[],RUO,pqi_b542adc0d3f84f36,"['HPLC-UV', 'MS']",Vendor COA library row; lab listed as Verum Analytics; test date 2026-05-13. Individual COA PDF not opened this pilot — purity as published on library table. Library showed >99.7%; stored 99.7 with greater-than caveat.,KLOW 80,,2026-08-22T23:59:13Z,https://www.bioinfinitylab.com/coa-library,unknown,80.0,https://www.bioinfinitylab.com/,False
BioInfinity Lab,bioinfinity_lab,Epithalon (50 mg),BIL-EPT50-01-2603,50 mg,200.0,4.0,BIL-EPT50-01-2603,Verum Analytics,other,vendor_pdf,False,,,99.5,https://www.bioinfinitylab.com/coa-library,['purity'],vendor,complete_lot_coa,,[],RUO,pqi_248ab555dacf79f3,"['HPLC-UV', 'MS']",Vendor COA library row; lab listed as Verum Analytics; test date 2026-03-07. Individual COA PDF not opened this pilot — purity as published on library table.,Epithalon,,2026-08-22T23:59:13Z,https://www.bioinfinitylab.com/coa-library,unknown,50.0,https://www.bioinfinitylab.com/,False
BioInfinity Lab,bioinfinity_lab,Epithalon (10 mg),BIL-EPT10-01-2603,10 mg,55.0,5.5,BIL-EPT10-01-2603,Verum Analytics,other,vendor_pdf,False,,,99.3,https://www.bioinfinitylab.com/coa-library,['purity'],vendor,complete_lot_coa,,[],RUO,pqi_5a6673ba54cf6db4,"['HPLC-UV', 'MS']",Vendor COA library row; lab listed as Verum Analytics; test date 2026-03-07. Individual COA PDF not opened this pilot — purity as published on library table.,Epithalon,,2026-08-22T23:59:13Z,https://www.bioinfinitylab.com/coa-library,unknown,10.0,https://www.bioinfinitylab.com/,False
BioInfinity Lab,bioinfinity_lab,5-Amino-1MQ (50 mg),BIL-BATCH-01-2602,50 mg,145.0,2.9,BIL-BATCH-01-2602,Verum Analytics,other,vendor_pdf,False,,,99.71,https://www.bioinfinitylab.com/coa-library,['purity'],vendor,complete_lot_coa,,['shared_batch_code_across_products'],RUO,pqi_7517aed218501409,"['HPLC-UV', 'MS']",Vendor COA library row; lab listed as Verum Analytics; test date 2026-02-25. Individual COA PDF not opened this pilot — purity as published on library table. NOTE: shared batch code BIL-BATCH-01-2602 appears across multiple distinct products on library — treat lot linkage with caution.,5-Amino-1MQ,,2026-08-22T23:59:13Z,https://www.bioinfinitylab.com/coa-library,unknown,50.0,https://www.bioinfinitylab.com/,False
BioInfinity Lab,bioinfinity_lab,Tirzepatide (60 mg),BIL-BATCH-01-2602,60 mg,,,BIL-BATCH-01-2602,Verum Analytics,other,vendor_pdf,False,,,99.67,https://www.bioinfinitylab.com/coa-library,['purity'],vendor,complete_lot_coa,,"['glp_analog_or_metabolic_peptide_listed', 'shared_batch_code_across_products']",RUO,pqi_b8140aaa194dd80c,"['HPLC-UV', 'MS']",Vendor COA library row; lab listed as Verum Analytics; test date 2026-03-02. Individual COA PDF not opened this pilot — purity as published on library table. NOTE: shared batch code BIL-BATCH-01-2602 appears across multiple distinct products on library — treat lot linkage with caution.,Tirzepatide,,2026-08-22T23:59:13Z,https://www.bioinfinitylab.com/coa-library,unknown,60.0,https://www.bioinfinitylab.com/,False
BioInfinity Lab,bioinfinity_lab,Tirzepatide (30 mg),BIL-BATCH-01-2602,30 mg,,,BIL-BATCH-01-2602,Verum Analytics,other,vendor_pdf,False,,,99.67,https://www.bioinfinitylab.com/coa-library,['purity'],vendor,complete_lot_coa,,"['glp_analog_or_metabolic_peptide_listed', 'shared_batch_code_across_products']",RUO,pqi_7a255007f5cb724a,"['HPLC-UV', 'MS']",Vendor COA library row; lab listed as Verum Analytics; test date 2026-03-02. Individual COA PDF not opened this pilot — purity as published on library table. NOTE: shared batch code BIL-BATCH-01-2602 appears across multiple distinct products on library — treat lot linkage with caution.,Tirzepatide,,2026-08-22T23:59:13Z,https://www.bioinfinitylab.com/coa-library,unknown,30.0,https://www.bioinfinitylab.com/,False
BioInfinity Lab,bioinfinity_lab,Thymosin Alpha-1 (10 mg),BIL-TA1-01-2603,10 mg,130.0,13.0,BIL-TA1-01-2603,Verum Analytics,other,vendor_pdf,False,,,99.4,https://www.bioinfinitylab.com/coa-library,['purity'],vendor,complete_lot_coa,,[],RUO,pqi_def9faf006c30314,"['HPLC-UV', 'MS']",Vendor COA library row; lab listed as Verum Analytics; test date 2026-03-07. Individual COA PDF not opened this pilot — purity as published on library table.,Thymosin Alpha-1,,2026-08-22T23:59:13Z,https://www.bioinfinitylab.com/coa-library,unknown,10.0,https://www.bioinfinitylab.com/,False
BioInfinity Lab,bioinfinity_lab,Tesamorelin (10 mg),BIL-TESA-01-2602,10 mg,,,BIL-TESA-01-2602,Verum Analytics,other,vendor_pdf,False,,,98.76,https://www.bioinfinitylab.com/coa-library,['purity'],vendor,complete_lot_coa,,[],RUO,pqi_337e5d1078636779,"['HPLC-UV', 'MS']",Vendor COA library row; lab listed as Verum Analytics; test date 2026-02-04. Individual COA PDF not opened this pilot — purity as published on library table.,Tesamorelin,,2026-08-22T23:59:13Z,https://www.bioinfinitylab.com/coa-library,unknown,10.0,https://www.bioinfinitylab.com/,False
BioInfinity Lab,bioinfinity_lab,TB-500 (10 mg),BIL-BATCH-01-2602,10 mg,95.0,9.5,BIL-BATCH-01-2602,Verum Analytics,other,vendor_pdf,False,,,99.85,https://www.bioinfinitylab.com/coa-library,['purity'],vendor,complete_lot_coa,,['shared_batch_code_across_products'],RUO,pqi_1f7a67c0661342d6,"['HPLC-UV', 'MS']",Vendor COA library row; lab listed as Verum Analytics; test date 2026-03-02. Individual COA PDF not opened this pilot — purity as published on library table. NOTE: shared batch code BIL-BATCH-01-2602 appears across multiple distinct products on library — treat lot linkage with caution.,TB-500,,2026-08-22T23:59:13Z,https://www.bioinfinitylab.com/coa-library,unknown,10.0,https://www.bioinfinitylab.com/,False
BioInfinity Lab,bioinfinity_lab,TB-500 (5 mg),BIL-BATCH-01-2602,5 mg,55.0,11.0,BIL-BATCH-01-2602,Verum Analytics,other,vendor_pdf,False,,,99.85,https://www.bioinfinitylab.com/coa-library,['purity'],vendor,complete_lot_coa,,['shared_batch_code_across_products'],RUO,pqi_f1e382f7b6388705,"['HPLC-UV', 'MS']",Vendor COA library row; lab listed as Verum Analytics; test date 2026-03-02. Individual COA PDF not opened this pilot — purity as published on library table. NOTE: shared batch code BIL-BATCH-01-2602 appears across multiple distinct products on library — treat lot linkage with caution.,TB-500,,2026-08-22T23:59:13Z,https://www.bioinfinitylab.com/coa-library,unknown,5.0,https://www.bioinfinitylab.com/,False
BioInfinity Lab,bioinfinity_lab,Semax (10 mg),BIL-SEMAX-01-2602,10 mg,60.0,6.0,BIL-SEMAX-01-2602,Verum Analytics,other,vendor_pdf,False,,,99.84,https://www.bioinfinitylab.com/coa-library,['purity'],vendor,complete_lot_coa,,[],RUO,pqi_6b3383ee3bc6c85d,"['HPLC-UV', 'MS']",Vendor COA library row; lab listed as Verum Analytics; test date 2026-02-19. Individual COA PDF not opened this pilot — purity as published on library table.,Semax,,2026-08-22T23:59:13Z,https://www.bioinfinitylab.com/coa-library,unknown,10.0,https://www.bioinfinitylab.com/,False
BioInfinity Lab,bioinfinity_lab,Semaglutide (5 mg),BIL-BATCH-01-2602,5 mg,45.0,9.0,BIL-BATCH-01-2602,Verum Analytics,other,vendor_pdf,False,,,99.75,https://www.bioinfinitylab.com/coa-library,['purity'],vendor,complete_lot_coa,,"['glp_analog_or_metabolic_peptide_listed', 'shared_batch_code_across_products']",RUO,pqi_b2a7083469997d56,"['HPLC-UV', 'MS']",Vendor COA library row; lab listed as Verum Analytics; test date 2026-02-26. Individual COA PDF not opened this pilot — purity as published on library table. NOTE: shared batch code BIL-BATCH-01-2602 appears across multiple distinct products on library — treat lot linkage with caution.,Semaglutide,,2026-08-22T23:59:13Z,https://www.bioinfinitylab.com/coa-library,unknown,5.0,https://www.bioinfinitylab.com/,False
BioInfinity Lab,bioinfinity_lab,Selank (10 mg),BIL-SEL-01-2602,10 mg,70.0,7.0,BIL-SEL-01-2602,Verum Analytics,other,vendor_pdf,False,,,99.97,https://www.bioinfinitylab.com/coa-library,['purity'],vendor,complete_lot_coa,,[],RUO,pqi_d39f63b98783e4fd,"['HPLC-UV', 'MS']",Vendor COA library row; lab listed as Verum Analytics; test date 2026-02-04. Individual COA PDF not opened this pilot — purity as published on library table.,Selank,,2026-08-22T23:59:13Z,https://www.bioinfinitylab.com/coa-library,unknown,10.0,https://www.bioinfinitylab.com/,False
BioInfinity Lab,bioinfinity_lab,Retatrutide (20 mg),BIL-RET-01-2602,20 mg,295.0,14.75,BIL-RET-01-2602,Verum Analytics,other,vendor_pdf,False,,,99.48,https://www.bioinfinitylab.com/coa-library,['purity'],vendor,complete_lot_coa,,['glp_analog_or_metabolic_peptide_listed'],RUO,pqi_f2000ba357756cc2,"['HPLC-UV', 'MS']",Vendor COA library row; lab listed as Verum Analytics; test date 2026-03-07. Individual COA PDF not opened this pilot — purity as published on library table.,Retatrutide,,2026-08-22T23:59:13Z,https://www.bioinfinitylab.com/coa-library,unknown,20.0,https://www.bioinfinitylab.com/,False
BioInfinity Lab,bioinfinity_lab,Retatrutide (10 mg),BIL-RET-01-2602,10 mg,165.0,16.5,BIL-RET-01-2602,Verum Analytics,other,vendor_pdf,False,,,99.48,https://www.bioinfinitylab.com/coa-library,['purity'],vendor,complete_lot_coa,,['glp_analog_or_metabolic_peptide_listed'],RUO,pqi_d3a588f5e6e80b9d,"['HPLC-UV', 'MS']",Vendor COA library row; lab listed as Verum Analytics; test date 2026-02-04. Individual COA PDF not opened this pilot — purity as published on library table.,Retatrutide,,2026-08-22T23:59:13Z,https://www.bioinfinitylab.com/coa-library,unknown,10.0,https://www.bioinfinitylab.com/,False
BioInfinity Lab,bioinfinity_lab,Retatrutide (5 mg),BIL-RET-01-2602,5 mg,85.0,17.0,BIL-RET-01-2602,Verum Analytics,other,vendor_pdf,False,,,99.48,https://www.bioinfinitylab.com/coa-library,['purity'],vendor,complete_lot_coa,,['glp_analog_or_metabolic_peptide_listed'],RUO,pqi_1a0b716ce98920f5,"['HPLC-UV', 'MS']",Vendor COA library row; lab listed as Verum Analytics; test date 2026-03-07. Individual COA PDF not opened this pilot — purity as published on library table.,Retatrutide,,2026-08-22T23:59:13Z,https://www.bioinfinitylab.com/coa-library,unknown,5.0,https://www.bioinfinitylab.com/,False
BioInfinity Lab,bioinfinity_lab,PT-141 (10 mg),BIL-PT141-01-2602,10 mg,,,BIL-PT141-01-2602,Verum Analytics,other,vendor_pdf,False,,,99.25,https://www.bioinfinitylab.com/coa-library,['purity'],vendor,complete_lot_coa,,[],RUO,pqi_7739fa8c0bf3f7b2,"['HPLC-UV', 'MS']",Vendor COA library row; lab listed as Verum Analytics; test date 2026-02-04. Individual COA PDF not opened this pilot — purity as published on library table.,PT-141,,2026-08-22T23:59:13Z,https://www.bioinfinitylab.com/coa-library,unknown,10.0,https://www.bioinfinitylab.com/,False
BioInfinity Lab,bioinfinity_lab,NAD+ (1000 mg),BIL-NAD-01-2602,1000 mg,110.0,0.11,BIL-NAD-01-2602,Verum Analytics,other,vendor_pdf,False,,,99.63,https://www.bioinfinitylab.com/coa-library,['purity'],vendor,complete_lot_coa,,[],RUO,pqi_058f21f4b451dc0d,"['HPLC-UV', 'MS']",Vendor COA library row; lab listed as Verum Analytics; test date 2026-02-04. Individual COA PDF not opened this pilot — purity as published on library table.,NAD+,,2026-08-22T23:59:13Z,https://www.bioinfinitylab.com/coa-library,unknown,1000.0,https://www.bioinfinitylab.com/,False
BioInfinity Lab,bioinfinity_lab,NAD+ (500 mg),BIL-NAD-02-2602,500 mg,110.0,0.22,BIL-NAD-02-2602,Verum Analytics,other,vendor_pdf,False,,,99.83,https://www.bioinfinitylab.com/coa-library,['purity'],vendor,complete_lot_coa,,[],RUO,pqi_e7d0751d592d50ac,"['HPLC-UV', 'MS']",Vendor COA library row; lab listed as Verum Analytics; test date 2026-02-04. Individual COA PDF not opened this pilot — purity as published on library table.,NAD+,,2026-08-22T23:59:13Z,https://www.bioinfinitylab.com/coa-library,unknown,500.0,https://www.bioinfinitylab.com/,False
BioInfinity Lab,bioinfinity_lab,MOTS-c (10 mg),BIL-MOTS-01-2602,10 mg,70.0,7.0,BIL-MOTS-01-2602,Verum Analytics,other,vendor_pdf,False,,,99.94,https://www.bioinfinitylab.com/coa-library,['purity'],vendor,complete_lot_coa,,[],RUO,pqi_e83dc444dae39bd1,"['HPLC-UV', 'MS']",Vendor COA library row; lab listed as Verum Analytics; test date 2026-02-04. Individual COA PDF not opened this pilot — purity as published on library table.,MOTS-c,,2026-08-22T23:59:13Z,https://www.bioinfinitylab.com/coa-library,unknown,10.0,https://www.bioinfinitylab.com/,False
BioInfinity Lab,bioinfinity_lab,Melanotan II (10 mg),BIL-MT2-01-2602,10 mg,,,BIL-MT2-01-2602,Verum Analytics,other,vendor_pdf,False,,,99.22,https://www.bioinfinitylab.com/coa-library,['purity'],vendor,complete_lot_coa,,[],RUO,pqi_a1fe650babdb85e1,"['HPLC-UV', 'MS']",Vendor COA library row; lab listed as Verum Analytics; test date 2026-02-04. Individual COA PDF not opened this pilot — purity as published on library table.,Melanotan II,,2026-08-22T23:59:13Z,https://www.bioinfinitylab.com/coa-library,unknown,10.0,https://www.bioinfinitylab.com/,False
BioInfinity Lab,bioinfinity_lab,Ipamorelin (10 mg),BIL-IPA-01-2602,10 mg,45.0,4.5,BIL-IPA-01-2602,Verum Analytics,other,vendor_pdf,False,,,99.51,https://www.bioinfinitylab.com/coa-library,['purity'],vendor,complete_lot_coa,,[],RUO,pqi_6fbff62fd4f98dca,"['HPLC-UV', 'MS']",Vendor COA library row; lab listed as Verum Analytics; test date 2026-02-04. Individual COA PDF not opened this pilot — purity as published on library table.,Ipamorelin,,2026-08-22T23:59:13Z,https://www.bioinfinitylab.com/coa-library,unknown,10.0,https://www.bioinfinitylab.com/,False
BioInfinity Lab,bioinfinity_lab,Ipamorelin (5 mg),BIL-IPA-02-2602,5 mg,45.0,9.0,BIL-IPA-02-2602,Verum Analytics,other,vendor_pdf,False,,,99.96,https://www.bioinfinitylab.com/coa-library,['purity'],vendor,complete_lot_coa,,[],RUO,pqi_f013264b2bf44cc4,"['HPLC-UV', 'MS']",Vendor COA library row; lab listed as Verum Analytics; test date 2026-02-04. Individual COA PDF not opened this pilot — purity as published on library table.,Ipamorelin,,2026-08-22T23:59:13Z,https://www.bioinfinitylab.com/coa-library,unknown,5.0,https://www.bioinfinitylab.com/,False
BioInfinity Lab,bioinfinity_lab,hCG (5000 IU),BIL-HCG-01-2602,5000 IU,,,BIL-HCG-01-2602,Verum Analytics,other,vendor_pdf,False,,,99.07,https://www.bioinfinitylab.com/coa-library,['purity'],vendor,complete_lot_coa,,[],RUO,pqi_3f77996d17b62f47,"['HPLC-UV', 'MS']",Vendor COA library row; lab listed as Verum Analytics; test date 2026-02-06. Individual COA PDF not opened this pilot — purity as published on library table.,hCG,,2026-08-22T23:59:13Z,https://www.bioinfinitylab.com/coa-library,unknown,,https://www.bioinfinitylab.com/,False
BioInfinity Lab,bioinfinity_lab,GHK-Cu (50 mg),BIL-GHK-01-2602,50 mg,50.0,1.0,BIL-GHK-01-2602,Verum Analytics,other,vendor_pdf,False,,,99.93,https://www.bioinfinitylab.com/coa-library,['purity'],vendor,complete_lot_coa,,[],RUO,pqi_5693ccd42c2c875a,"['HPLC-UV', 'MS']",Vendor COA library row; lab listed as Verum Analytics; test date 2026-02-04. Individual COA PDF not opened this pilot — purity as published on library table.,GHK-Cu,,2026-08-22T23:59:13Z,https://www.bioinfinitylab.com/coa-library,unknown,50.0,https://www.bioinfinitylab.com/,False
BioInfinity Lab,bioinfinity_lab,CJC-1295 DAC (5 mg),BIL-CJC-01-2602,5 mg,,,BIL-CJC-01-2602,Verum Analytics,other,vendor_pdf,False,,,99.55,https://www.bioinfinitylab.com/coa-library,['purity'],vendor,complete_lot_coa,,[],RUO,pqi_059e938c353fb63d,"['HPLC-UV', 'MS']",Vendor COA library row; lab listed as Verum Analytics; test date 2026-02-19. Individual COA PDF not opened this pilot — purity as published on library table.,CJC-1295 DAC,,2026-08-22T23:59:13Z,https://www.bioinfinitylab.com/coa-library,unknown,5.0,https://www.bioinfinitylab.com/,False
BioInfinity Lab,bioinfinity_lab,CJC-1295 (no DAC) (5 mg),BIL-CJCND-01-2603,5 mg,45.0,9.0,BIL-CJCND-01-2603,Verum Analytics,other,vendor_pdf,False,,,98.9,https://www.bioinfinitylab.com/coa-library,['purity'],vendor,complete_lot_coa,,[],RUO,pqi_48f192bf513b7e81,"['HPLC-UV', 'MS']",Vendor COA library row; lab listed as Verum Analytics; test date 2026-03-07. Individual COA PDF not opened this pilot — purity as published on library table.,CJC-1295,,2026-08-22T23:59:13Z,https://www.bioinfinitylab.com/coa-library,unknown,5.0,https://www.bioinfinitylab.com/,False
BioInfinity Lab,bioinfinity_lab,BPC-157 / TB-500 BB20 (10+10 mg),BIL-BB20-01-2602,10+10 mg,90.0,9.0,BIL-BB20-01-2602,Verum Analytics,other,vendor_pdf,False,,,99.92,https://www.bioinfinitylab.com/coa-library,['purity'],vendor,complete_lot_coa,,[],RUO,pqi_58cca7359b37d0c0,"['HPLC-UV', 'MS']",Vendor COA library row; lab listed as Verum Analytics; test date 2026-02-04. Individual COA PDF not opened this pilot — purity as published on library table.,BPC-157 / TB-500 BB20,,2026-08-22T23:59:13Z,https://www.bioinfinitylab.com/coa-library,unknown,10.0,https://www.bioinfinitylab.com/,False
BioInfinity Lab,bioinfinity_lab,BPC-157 (20 mg),BIL-BATCH-01-2602,20 mg,,,BIL-BATCH-01-2602,Verum Analytics,other,vendor_pdf,False,,,99.89,https://www.bioinfinitylab.com/coa-library,['purity'],vendor,complete_lot_coa,,['shared_batch_code_across_products'],RUO,pqi_94e05b2cbf48de6f,"['HPLC-UV', 'MS']",Vendor COA library row; lab listed as Verum Analytics; test date 2026-03-01. Individual COA PDF not opened this pilot — purity as published on library table. NOTE: shared batch code BIL-BATCH-01-2602 appears across multiple distinct products on library — treat lot linkage with caution.,BPC-157,,2026-08-22T23:59:13Z,https://www.bioinfinitylab.com/coa-library,unknown,20.0,https://www.bioinfinitylab.com/,False
BioInfinity Lab,bioinfinity_lab,BPC-157 (5 mg),BIL-BATCH-01-2602,5 mg,40.0,8.0,BIL-BATCH-01-2602,Verum Analytics,other,vendor_pdf,False,,,99.89,https://www.bioinfinitylab.com/coa-library,['purity'],vendor,complete_lot_coa,,['shared_batch_code_across_products'],RUO,pqi_b5104561338d4f92,"['HPLC-UV', 'MS']",Vendor COA library row; lab listed as Verum Analytics; test date 2026-03-01. Individual COA PDF not opened this pilot — purity as published on library table. NOTE: shared batch code BIL-BATCH-01-2602 appears across multiple distinct products on library — treat lot linkage with caution.,BPC-157,,2026-08-22T23:59:13Z,https://www.bioinfinitylab.com/coa-library,unknown,5.0,https://www.bioinfinitylab.com/,False
BioInfinity Lab,bioinfinity_lab,AOD-9604 (5 mg),BIL-AOD-02-2602,5 mg,,,BIL-AOD-02-2602,Verum Analytics,other,vendor_pdf,False,,,99.95,https://www.bioinfinitylab.com/coa-library,['purity'],vendor,complete_lot_coa,,[],RUO,pqi_5732740d8269717b,"['HPLC-UV', 'MS']",Vendor COA library row; lab listed as Verum Analytics; test date 2026-02-04. Individual COA PDF not opened this pilot — purity as published on library table.,AOD-9604,,2026-08-22T23:59:13Z,https://www.bioinfinitylab.com/coa-library,unknown,5.0,https://www.bioinfinitylab.com/,False
BioInfinity Lab,bioinfinity_lab,AOD-9604 (10 mg),BIL-AOD-01-2602,10 mg,,,BIL-AOD-01-2602,Verum Analytics,other,vendor_pdf,False,,,99.5,https://www.bioinfinitylab.com/coa-library,['purity'],vendor,complete_lot_coa,,[],RUO,pqi_a85cc7dafdd596f8,"['HPLC-UV', 'MS']",Vendor COA library row; lab listed as Verum Analytics; test date 2026-02-04. Individual COA PDF not opened this pilot — purity as published on library table.,AOD-9604,,2026-08-22T23:59:13Z,https://www.bioinfinitylab.com/coa-library,unknown,10.0,https://www.bioinfinitylab.com/,False
BioInfinity Lab,bioinfinity_lab,Semaglutide (10 mg),BIL-BATCH-01-2602,10 mg,80.0,8.0,BIL-BATCH-01-2602,Verum Analytics,other,vendor_pdf,False,,,99.75,https://www.bioinfinitylab.com/coa-library,['purity'],vendor,complete_lot_coa,,"['glp_analog_or_metabolic_peptide_listed', 'shared_batch_code_across_products']",RUO,pqi_a28363e9350e7bce,"['HPLC-UV', 'MS']",Vendor COA library row; lab listed as Verum Analytics; test date 2026-02-26. Individual COA PDF not opened this pilot — purity as published on library table. NOTE: shared batch code BIL-BATCH-01-2602 appears across multiple distinct products on library — treat lot linkage with caution.,Semaglutide,,2026-08-22T23:59:13Z,https://www.bioinfinitylab.com/coa-library,unknown,10.0,https://www.bioinfinitylab.com/,False
BioInfinity Lab,bioinfinity_lab,Tirzepatide (10 mg),BIL-BATCH-01-2602,10 mg,85.0,8.5,BIL-BATCH-01-2602,Verum Analytics,other,vendor_pdf,False,,,99.67,https://www.bioinfinitylab.com/coa-library,['purity'],vendor,complete_lot_coa,,"['glp_analog_or_metabolic_peptide_listed', 'shared_batch_code_across_products']",RUO,pqi_48892cd621f99c83,"['HPLC-UV', 'MS']",Vendor COA library row; lab listed as Verum Analytics; test date 2026-03-02. Individual COA PDF not opened this pilot — purity as published on library table. NOTE: shared batch code BIL-BATCH-01-2602 appears across multiple distinct products on library — treat lot linkage with caution.,Tirzepatide,,2026-08-22T23:59:13Z,https://www.bioinfinitylab.com/coa-library,unknown,10.0,https://www.bioinfinitylab.com/,False
BioInfinity Lab,bioinfinity_lab,Sermorelin (10 mg),BIL-SRM-01-2602,10 mg,,,BIL-SRM-01-2602,Verum Analytics,other,vendor_pdf,False,,,99.91,https://www.bioinfinitylab.com/coa-library,['purity'],vendor,complete_lot_coa,,[],RUO,pqi_4bc43148236b9bce,"['HPLC-UV', 'MS']",Vendor COA library row; lab listed as Verum Analytics; test date 2026-02-04. Individual COA PDF not opened this pilot — purity as published on library table.,Sermorelin,,2026-08-22T23:59:13Z,https://www.bioinfinitylab.com/coa-library,unknown,10.0,https://www.bioinfinitylab.com/,False
BioInfinity Lab,bioinfinity_lab,Glutathione (1500 mg),BIL-GLU-01-2602,1500 mg,,,BIL-GLU-01-2602,Verum Analytics,other,vendor_pdf,False,,,98.34,https://www.bioinfinitylab.com/coa-library,['purity'],vendor,complete_lot_coa,,[],RUO,pqi_a3a8992d45f30208,"['HPLC-UV', 'MS']",Vendor COA library row; lab listed as Verum Analytics; test date 2026-02-04. Individual COA PDF not opened this pilot — purity as published on library table.,Glutathione,,2026-08-22T23:59:13Z,https://www.bioinfinitylab.com/coa-library,unknown,1500.0,https://www.bioinfinitylab.com/,False
BioInfinity Lab,bioinfinity_lab,Retatrutide (30 mg),BIL-RET-01-2602,30 mg,375.0,12.5,BIL-RET-01-2602,Verum Analytics,other,vendor_pdf,False,,,99.48,https://www.bioinfinitylab.com/coa-library,['purity'],vendor,complete_lot_coa,,['glp_analog_or_metabolic_peptide_listed'],RUO,pqi_e11e6c194e0126e1,"['HPLC-UV', 'MS']",Vendor COA library row; lab listed as Verum Analytics; test date 2026-02-04. Individual COA PDF not opened this pilot — purity as published on library table.,Retatrutide,,2026-08-22T23:59:13Z,https://www.bioinfinitylab.com/coa-library,unknown,30.0,https://www.bioinfinitylab.com/,False
BioInfinity Lab,bioinfinity_lab,GLOW 70 (BPC-157/GHK-Cu/TB-500) (10+50+10 mg),BIL-GL70-01-2602,10+50+10 mg,210.0,21.0,BIL-GL70-01-2602,Verum Analytics,other,vendor_pdf,False,,,99.91,https://www.bioinfinitylab.com/coa-library,['purity'],vendor,complete_lot_coa,,[],RUO,pqi_4493ad05a33d437a,"['HPLC-UV', 'MS']",Vendor COA library row; lab listed as Verum Analytics; test date 2026-02-11. Individual COA PDF not opened this pilot — purity as published on library table.,GLOW 70,,2026-08-22T23:59:13Z,https://www.bioinfinitylab.com/coa-library,unknown,10.0,https://www.bioinfinitylab.com/,False
BioInfinity Lab,bioinfinity_lab,5-Amino-1MQ (5 mg),BIL-BATCH-01-2602,5 mg,40.0,8.0,BIL-BATCH-01-2602,Verum Analytics,other,vendor_pdf,False,,,99.71,https://www.bioinfinitylab.com/coa-library,['purity'],vendor,complete_lot_coa,,['shared_batch_code_across_products'],RUO,pqi_71d178c51f61f0e4,"['HPLC-UV', 'MS']",Vendor COA library row; lab listed as Verum Analytics; test date 2026-02-25. Individual COA PDF not opened this pilot — purity as published on library table. NOTE: shared batch code BIL-BATCH-01-2602 appears across multiple distinct products on library — treat lot linkage with caution.,5-Amino-1MQ,,2026-08-22T23:59:13Z,https://www.bioinfinitylab.com/coa-library,unknown,5.0,https://www.bioinfinitylab.com/,False
BioInfinity Lab,bioinfinity_lab,CJC-1295 / Ipamorelin CP10 (5+5 mg),BIL-CP10-01-2602,5+5 mg,95.0,19.0,BIL-CP10-01-2602,Verum Analytics,other,vendor_pdf,False,,,99.57,https://www.bioinfinitylab.com/coa-library,['purity'],vendor,complete_lot_coa,,[],RUO,pqi_a26c85663d45933c,"['HPLC-UV', 'MS']",Vendor COA library row; lab listed as Verum Analytics; test date 2026-02-04. Individual COA PDF not opened this pilot — purity as published on library table.,CJC-1295 / Ipamorelin CP10,,2026-08-22T23:59:13Z,https://www.bioinfinitylab.com/coa-library,unknown,5.0,https://www.bioinfinitylab.com/,False
BioInfinity Lab,bioinfinity_lab,BPC-157 / TB-500 BB10 (5+5 mg),BIL-BB10-01-2602,5+5 mg,,,BIL-BB10-01-2602,Verum Analytics,other,vendor_pdf,False,,,99.94,https://www.bioinfinitylab.com/coa-library,['purity'],vendor,complete_lot_coa,,[],RUO,pqi_c96a4e5a86424d21,"['HPLC-UV', 'MS']",Vendor COA library row; lab listed as Verum Analytics; test date 2026-02-04. Individual COA PDF not opened this pilot — purity as published on library table.,BPC-157 / TB-500 BB10,,2026-08-22T23:59:13Z,https://www.bioinfinitylab.com/coa-library,unknown,5.0,https://www.bioinfinitylab.com/,False
BioInfinity Lab,bioinfinity_lab,5-Amino-1MQ (10 mg),BIL-BATCH-01-2602,10 mg,65.0,6.5,BIL-BATCH-01-2602,Verum Analytics,other,vendor_pdf,False,,,99.71,https://www.bioinfinitylab.com/coa-library,['purity'],vendor,complete_lot_coa,,['shared_batch_code_across_products'],RUO,pqi_b768c162d431ad0e,"['HPLC-UV', 'MS']",Vendor COA library row; lab listed as Verum Analytics; test date 2026-02-25. Individual COA PDF not opened this pilot — purity as published on library table. NOTE: shared batch code BIL-BATCH-01-2602 appears across multiple distinct products on library — treat lot linkage with caution.,5-Amino-1MQ,,2026-08-22T23:59:13Z,https://www.bioinfinitylab.com/coa-library,unknown,10.0,https://www.bioinfinitylab.com/,False
BioInfinity Lab,bioinfinity_lab,BPC-157 (10 mg),BIL-BATCH-01-2602,10 mg,80.0,8.0,BIL-BATCH-01-2602,Verum Analytics,other,vendor_pdf,False,,,99.89,https://www.bioinfinitylab.com/coa-library,['purity'],vendor,complete_lot_coa,,['shared_batch_code_across_products'],RUO,pqi_175b24f00e09a9bd,"['HPLC-UV', 'MS']",Vendor COA library row; lab listed as Verum Analytics; test date 2026-03-01. Individual COA PDF not opened this pilot — purity as published on library table. NOTE: shared batch code BIL-BATCH-01-2602 appears across multiple distinct products on library — treat lot linkage with caution.,BPC-157,,2026-08-22T23:59:13Z,https://www.bioinfinitylab.com/coa-library,unknown,10.0,https://www.bioinfinitylab.com/,False
BioInfinity Lab,bioinfinity_lab,Bacteriostatic Water 10 ml,,10 ml,22.0,,,,unknown,unverified,False,,,,,[],vendor,product_price_only,,['bac_water_kit_sold_alongside_peptides'],RUO,pqi_ab3e71bc0b6415a9,[],Non-peptide accessory on RUO storefront; flagged for enforcement_risk context only. Not a peptide COA row.,,,2026-08-22T23:59:13Z,https://www.bioinfinitylab.com/shop,unknown,,https://www.bioinfinitylab.com/,False
Evo Labs Research,evolabs_research,BPC-157 5mg,bpc-157,5mg,39.99,7.998,EVO5212026,Kovera Labs,other,vendor_pdf,False,,,,https://evolabsresearch.co/coa,[],vendor,complete_lot_coa,,['shared_batch_code_across_products'],RUO,pqi_3c680e7cd2e2b066,"['HPLC', 'MS']",Hub lists batch with marketing 99%+ only — numeric purity NOT taken from hub. Dual-lab claim Janoshik & Kovera on site. Shared batch code EVO5212026 used across multiple compounds on hub.,BPC-157,,2026-08-22T23:59:13Z,https://evolabsresearch.co/coa,unknown,5.0,https://evolabsresearch.co/,False
Evo Labs Research,evolabs_research,BPC-157 10mg,bpc-157,10mg,49.99,4.999,EVO5212026,Kovera Labs,other,client_pdf_only,False,,,99.749,https://jkhcsjvsmvdnehrrlrud.supabase.co/storage/v1/object/public/coa/bpc-157.pdf,"['purity', 'net_content', 'identity', 'endotoxin']",vendor,complete_lot_coa,PASS (≤0.5 EU/mL screen),['shared_batch_code_across_products'],RUO,pqi_b8429714645cee00,"['HPLC', 'LC-MS']","Kovera Labs PDF read (report KVR-2026-423BF8, certified 05/29/2026). Client: Evolabs Research. Labeled 10mg; net content 11.31 mg; identity LC-MS BPC-157. Portal re-check at koveralabs.com/verify not completed this pilot (access code required).",BPC-157,,2026-08-22T23:59:13Z,https://jkhcsjvsmvdnehrrlrud.supabase.co/storage/v1/object/public/coa/bpc-157.pdf,unknown,10.0,https://evolabsresearch.co/,False
Evo Labs Research,evolabs_research,BPC-157 + TB-500 20mg,bpc-157-tb-500,20mg,109.99,5.4995,EVO5212026,Kovera Labs,other,vendor_pdf,False,,,,https://evolabsresearch.co/coa,[],vendor,complete_lot_coa,,['shared_batch_code_across_products'],RUO,pqi_357833878e166112,"['HPLC', 'MS']",Hub lists batch with marketing 99%+ only — numeric purity NOT taken from hub. Dual-lab claim Janoshik & Kovera on site. Shared batch code EVO5212026 used across multiple compounds on hub.,BPC-157 + TB-500,,2026-08-22T23:59:13Z,https://evolabsresearch.co/coa,unknown,20.0,https://evolabsresearch.co/,False
Evo Labs Research,evolabs_research,CJC-1295 + Ipamorelin,cjc-1295-w-o-dac-5mgipamorelin-5mg,,69.99,,EVO5212026,Kovera Labs,other,vendor_pdf,False,,,,https://evolabsresearch.co/coa,[],vendor,complete_lot_coa,,['shared_batch_code_across_products'],RUO,pqi_a662827d5884d8f2,"['HPLC', 'MS']",Hub lists batch with marketing 99%+ only — numeric purity NOT taken from hub. Dual-lab claim Janoshik & Kovera on site. Shared batch code EVO5212026 used across multiple compounds on hub.,CJC-1295 + Ipamorelin,,2026-08-22T23:59:13Z,https://evolabsresearch.co/coa,unknown,,https://evolabsresearch.co/,False
Evo Labs Research,evolabs_research,DSIP 15mg,dsip,15mg,44.99,2.9993,EVO5212026,Kovera Labs,other,vendor_pdf,False,,,,https://evolabsresearch.co/coa,[],vendor,complete_lot_coa,,['shared_batch_code_across_products'],RUO,pqi_9269ab8ec3c3a53e,"['HPLC', 'MS']",Hub lists batch with marketing 99%+ only — numeric purity NOT taken from hub. Dual-lab claim Janoshik & Kovera on site. Shared batch code EVO5212026 used across multiple compounds on hub.,DSIP,,2026-08-22T23:59:13Z,https://evolabsresearch.co/coa,unknown,15.0,https://evolabsresearch.co/,False
Evo Labs Research,evolabs_research,Epithalon 10mg,epithalon,10mg,39.99,3.999,EVO5212026,Kovera Labs,other,vendor_pdf,False,,,,https://evolabsresearch.co/coa,[],vendor,complete_lot_coa,,['shared_batch_code_across_products'],RUO,pqi_0b8bbd0676883f01,"['HPLC', 'MS']",Hub lists batch with marketing 99%+ only — numeric purity NOT taken from hub. Dual-lab claim Janoshik & Kovera on site. Shared batch code EVO5212026 used across multiple compounds on hub.,Epithalon,,2026-08-22T23:59:13Z,https://evolabsresearch.co/coa,unknown,10.0,https://evolabsresearch.co/,False
Evo Labs Research,evolabs_research,GHK-Cu 50mg,ghk-cu,50mg,39.99,0.7998,EVO5212026,Kovera Labs,other,vendor_pdf,False,,,,https://evolabsresearch.co/coa,[],vendor,complete_lot_coa,,['shared_batch_code_across_products'],RUO,pqi_7da98943cca5ba42,"['HPLC', 'MS']",Hub lists batch with marketing 99%+ only — numeric purity NOT taken from hub. Dual-lab claim Janoshik & Kovera on site. Shared batch code EVO5212026 used across multiple compounds on hub.,GHK-Cu,,2026-08-22T23:59:13Z,https://evolabsresearch.co/coa,unknown,50.0,https://evolabsresearch.co/,False
Evo Labs Research,evolabs_research,KLOW 80mg,klow,80mg,119.99,1.4999,EVO5212026,Kovera Labs,other,vendor_pdf,False,,,,https://evolabsresearch.co/coa,[],vendor,complete_lot_coa,,['shared_batch_code_across_products'],RUO,pqi_2075f5e431beccbf,"['HPLC', 'MS']",Hub lists batch with marketing 99%+ only — numeric purity NOT taken from hub. Dual-lab claim Janoshik & Kovera on site. Shared batch code EVO5212026 used across multiple compounds on hub.,KLOW,,2026-08-22T23:59:13Z,https://evolabsresearch.co/coa,unknown,80.0,https://evolabsresearch.co/,False
Evo Labs Research,evolabs_research,KPV 10mg,kpv,10mg,49.99,4.999,EVO5212026,Kovera Labs,other,vendor_pdf,False,,,,https://evolabsresearch.co/coa,[],vendor,complete_lot_coa,,['shared_batch_code_across_products'],RUO,pqi_a83702cc73a7c157,"['HPLC', 'MS']",Hub lists batch with marketing 99%+ only — numeric purity NOT taken from hub. Dual-lab claim Janoshik & Kovera on site. Shared batch code EVO5212026 used across multiple compounds on hub.,KPV,,2026-08-22T23:59:13Z,https://evolabsresearch.co/coa,unknown,10.0,https://evolabsresearch.co/,False
Evo Labs Research,evolabs_research,MOTS-C 10mg,mots-c,10mg,49.99,4.999,EVO5212026,Kovera Labs,other,vendor_pdf,False,,,,https://evolabsresearch.co/coa,[],vendor,complete_lot_coa,,['shared_batch_code_across_products'],RUO,pqi_6ed31908e41fda54,"['HPLC', 'MS']",Hub lists batch with marketing 99%+ only — numeric purity NOT taken from hub. Dual-lab claim Janoshik & Kovera on site. Shared batch code EVO5212026 used across multiple compounds on hub.,MOTS-C,,2026-08-22T23:59:13Z,https://evolabsresearch.co/coa,unknown,10.0,https://evolabsresearch.co/,False
Evo Labs Research,evolabs_research,MT-2 10mg,mt-2-melanotan-ii,10mg,39.99,3.999,EVO5212026,Kovera Labs,other,vendor_pdf,False,,,,https://evolabsresearch.co/coa,[],vendor,complete_lot_coa,,['shared_batch_code_across_products'],RUO,pqi_b6de07112dc978c9,"['HPLC', 'MS']",Hub lists batch with marketing 99%+ only — numeric purity NOT taken from hub. Dual-lab claim Janoshik & Kovera on site. Shared batch code EVO5212026 used across multiple compounds on hub.,MT-2,,2026-08-22T23:59:13Z,https://evolabsresearch.co/coa,unknown,10.0,https://evolabsresearch.co/,False
Evo Labs Research,evolabs_research,NAD+ 500mg,nad,500mg,69.99,0.14,EVO5212026,Kovera Labs,other,vendor_pdf,False,,,,https://evolabsresearch.co/coa,[],vendor,complete_lot_coa,,['shared_batch_code_across_products'],RUO,pqi_452d49988c5d2cf9,"['HPLC', 'MS']",Hub lists batch with marketing 99%+ only — numeric purity NOT taken from hub. Dual-lab claim Janoshik & Kovera on site. Shared batch code EVO5212026 used across multiple compounds on hub.,NAD+,,2026-08-22T23:59:13Z,https://evolabsresearch.co/coa,unknown,500.0,https://evolabsresearch.co/,False
Evo Labs Research,evolabs_research,PT-141 10mg,pt-141,10mg,39.99,3.999,EVO5212026,Kovera Labs,other,vendor_pdf,False,,,,https://evolabsresearch.co/coa,[],vendor,complete_lot_coa,,['shared_batch_code_across_products'],RUO,pqi_ffddf42e648e2632,"['HPLC', 'MS']",Hub lists batch with marketing 99%+ only — numeric purity NOT taken from hub. Dual-lab claim Janoshik & Kovera on site. Shared batch code EVO5212026 used across multiple compounds on hub.,PT-141,,2026-08-22T23:59:13Z,https://evolabsresearch.co/coa,unknown,10.0,https://evolabsresearch.co/,False
Evo Labs Research,evolabs_research,Semax 10mg,semax,10mg,39.99,3.999,EVO5212026,Kovera Labs,other,vendor_pdf,False,,,,https://evolabsresearch.co/coa,[],vendor,complete_lot_coa,,['shared_batch_code_across_products'],RUO,pqi_51fa96d4331333c1,"['HPLC', 'MS']",Hub lists batch with marketing 99%+ only — numeric purity NOT taken from hub. Dual-lab claim Janoshik & Kovera on site. Shared batch code EVO5212026 used across multiple compounds on hub.,Semax,,2026-08-22T23:59:13Z,https://evolabsresearch.co/coa,unknown,10.0,https://evolabsresearch.co/,False
Evo Labs Research,evolabs_research,SNAP-8 10mg,snap-8,10mg,34.99,3.499,EVO5212026,Kovera Labs,other,vendor_pdf,False,,,,https://evolabsresearch.co/coa,[],vendor,complete_lot_coa,,['shared_batch_code_across_products'],RUO,pqi_765708d91daa37f6,"['HPLC', 'MS']",Hub lists batch with marketing 99%+ only — numeric purity NOT taken from hub. Dual-lab claim Janoshik & Kovera on site. Shared batch code EVO5212026 used across multiple compounds on hub.,SNAP-8,,2026-08-22T23:59:13Z,https://evolabsresearch.co/coa,unknown,10.0,https://evolabsresearch.co/,False
Evo Labs Research,evolabs_research,Tesamorelin 10mg,tesa,10mg,69.99,6.999,EVO5212026,Kovera Labs,other,vendor_pdf,False,,,,https://evolabsresearch.co/coa,[],vendor,complete_lot_coa,,['shared_batch_code_across_products'],RUO,pqi_78de3e09cdf1e5c8,"['HPLC', 'MS']",Hub lists batch with marketing 99%+ only — numeric purity NOT taken from hub. Dual-lab claim Janoshik & Kovera on site. Shared batch code EVO5212026 used across multiple compounds on hub.,Tesamorelin,,2026-08-22T23:59:13Z,https://evolabsresearch.co/coa,unknown,10.0,https://evolabsresearch.co/,False
Evo Labs Research,evolabs_research,GLP-3 (R) 5mg,glp-3-r,5mg,49.99,9.998,04042026,Kovera Labs,other,vendor_pdf,False,,,,https://evolabsresearch.co/coa,[],vendor,complete_lot_coa,,"['glp_analog_or_metabolic_peptide_listed', 'shared_batch_code_across_products']",RUO,pqi_036f0f7fa54fdc7d,"['HPLC', 'MS']",Hub lists batch with marketing 99%+ only — numeric purity NOT taken from hub. Dual-lab claim Janoshik & Kovera on site. Shared batch code 04042026 used across multiple compounds on hub.,GLP-3 (R),,2026-08-22T23:59:13Z,https://evolabsresearch.co/coa,unknown,5.0,https://evolabsresearch.co/,False
Evo Labs Research,evolabs_research,GLP-3 (R) 10mg,glp-3-r,10mg,69.99,6.999,04042026,Kovera Labs,other,vendor_pdf,False,,,,https://evolabsresearch.co/coa,[],vendor,complete_lot_coa,,"['glp_analog_or_metabolic_peptide_listed', 'shared_batch_code_across_products']",RUO,pqi_b05f0a8ba4ad9f11,"['HPLC', 'MS']",Hub lists batch with marketing 99%+ only — numeric purity NOT taken from hub. Dual-lab claim Janoshik & Kovera on site. Shared batch code 04042026 used across multiple compounds on hub.,GLP-3 (R),,2026-08-22T23:59:13Z,https://evolabsresearch.co/coa,unknown,10.0,https://evolabsresearch.co/,False
Evo Labs Research,evolabs_research,GLP-3 (R) 20mg,glp-3-r,20mg,119.99,5.9995,04042026,Kovera Labs,other,vendor_pdf,False,,,,https://evolabsresearch.co/coa,[],vendor,complete_lot_coa,,"['glp_analog_or_metabolic_peptide_listed', 'shared_batch_code_across_products']",RUO,pqi_851d9530a6f7952e,"['HPLC', 'MS']",Hub lists batch with marketing 99%+ only — numeric purity NOT taken from hub. Dual-lab claim Janoshik & Kovera on site. Shared batch code 04042026 used across multiple compounds on hub.,GLP-3 (R),,2026-08-22T23:59:13Z,https://evolabsresearch.co/coa,unknown,20.0,https://evolabsresearch.co/,False
Evo Labs Research,evolabs_research,GLP-3 (R) 30mg,glp-3-r,30mg,169.99,5.6663,04042026,Kovera Labs,other,vendor_pdf,False,,,,https://evolabsresearch.co/coa,[],vendor,complete_lot_coa,,"['glp_analog_or_metabolic_peptide_listed', 'shared_batch_code_across_products']",RUO,pqi_f109f255c8fdae7a,"['HPLC', 'MS']",Hub lists batch with marketing 99%+ only — numeric purity NOT taken from hub. Dual-lab claim Janoshik & Kovera on site. Shared batch code 04042026 used across multiple compounds on hub.,GLP-3 (R),,2026-08-22T23:59:13Z,https://evolabsresearch.co/coa,unknown,30.0,https://evolabsresearch.co/,False
Evo Labs Research,evolabs_research,GLP-2 (T) 5mg,glp-2-t,5mg,49.99,9.998,04042026,Kovera Labs,other,vendor_pdf,False,,,,https://evolabsresearch.co/coa,[],vendor,complete_lot_coa,,"['glp_analog_or_metabolic_peptide_listed', 'shared_batch_code_across_products']",RUO,pqi_61553fc3d3cc2334,"['HPLC', 'MS']",Hub lists batch with marketing 99%+ only — numeric purity NOT taken from hub. Dual-lab claim Janoshik & Kovera on site. Shared batch code 04042026 used across multiple compounds on hub.,GLP-2 (T),,2026-08-22T23:59:13Z,https://evolabsresearch.co/coa,unknown,5.0,https://evolabsresearch.co/,False
Evo Labs Research,evolabs_research,GLP-2 (T) 10mg,glp-2-t,10mg,69.99,6.999,04042026,Kovera Labs,other,vendor_pdf,False,,,,https://evolabsresearch.co/coa,[],vendor,complete_lot_coa,,"['glp_analog_or_metabolic_peptide_listed', 'shared_batch_code_across_products']",RUO,pqi_ad4e5256e660e7bd,"['HPLC', 'MS']",Hub lists batch with marketing 99%+ only — numeric purity NOT taken from hub. Dual-lab claim Janoshik & Kovera on site. Shared batch code 04042026 used across multiple compounds on hub.,GLP-2 (T),,2026-08-22T23:59:13Z,https://evolabsresearch.co/coa,unknown,10.0,https://evolabsresearch.co/,False
Evo Labs Research,evolabs_research,GLP-2 (T) 20mg,glp-2-t,20mg,119.99,5.9995,04042026,Kovera Labs,other,vendor_pdf,False,,,,https://evolabsresearch.co/coa,[],vendor,complete_lot_coa,,"['glp_analog_or_metabolic_peptide_listed', 'shared_batch_code_across_products']",RUO,pqi_d9b30f0538f967c5,"['HPLC', 'MS']",Hub lists batch with marketing 99%+ only — numeric purity NOT taken from hub. Dual-lab claim Janoshik & Kovera on site. Shared batch code 04042026 used across multiple compounds on hub.,GLP-2 (T),,2026-08-22T23:59:13Z,https://evolabsresearch.co/coa,unknown,20.0,https://evolabsresearch.co/,False
Evo Labs Research,evolabs_research,GLP-1 (S) 15mg,glp-1-s,15mg,94.99,6.3327,04042026,Kovera Labs,other,vendor_pdf,False,,,,https://evolabsresearch.co/coa,[],vendor,complete_lot_coa,,"['glp_analog_or_metabolic_peptide_listed', 'shared_batch_code_across_products']",RUO,pqi_d653b2ff515660fb,"['HPLC', 'MS']",Hub lists batch with marketing 99%+ only — numeric purity NOT taken from hub. Dual-lab claim Janoshik & Kovera on site. Shared batch code 04042026 used across multiple compounds on hub.,GLP-1 (S),,2026-08-22T23:59:13Z,https://evolabsresearch.co/coa,unknown,15.0,https://evolabsresearch.co/,False
Evo Labs Research,evolabs_research,GLP-1 (S) 10mg,glp-1-s,10mg,74.99,7.499,04042026,Kovera Labs,other,vendor_pdf,False,,,,https://evolabsresearch.co/coa,[],vendor,complete_lot_coa,,"['glp_analog_or_metabolic_peptide_listed', 'shared_batch_code_across_products']",RUO,pqi_82f4428c9badb495,"['HPLC', 'MS']",Hub lists batch with marketing 99%+ only — numeric purity NOT taken from hub. Dual-lab claim Janoshik & Kovera on site. Shared batch code 04042026 used across multiple compounds on hub.,GLP-1 (S),,2026-08-22T23:59:13Z,https://evolabsresearch.co/coa,unknown,10.0,https://evolabsresearch.co/,False
Evo Labs Research,evolabs_research,GLP-1 (S) 20mg,glp-1-s,20mg,114.99,5.7495,04042026,Kovera Labs,other,vendor_pdf,False,,,,https://evolabsresearch.co/coa,[],vendor,complete_lot_coa,,"['glp_analog_or_metabolic_peptide_listed', 'shared_batch_code_across_products']",RUO,pqi_f746a4988ff0b0fd,"['HPLC', 'MS']",Hub lists batch with marketing 99%+ only — numeric purity NOT taken from hub. Dual-lab claim Janoshik & Kovera on site. Shared batch code 04042026 used across multiple compounds on hub.,GLP-1 (S),,2026-08-22T23:59:13Z,https://evolabsresearch.co/coa,unknown,20.0,https://evolabsresearch.co/,False
Evo Labs Research,evolabs_research,GLP-1 (S) 30mg,glp-1-s,30mg,144.99,4.833,04042026,Kovera Labs,other,vendor_pdf,False,,,,https://evolabsresearch.co/coa,[],vendor,complete_lot_coa,,"['glp_analog_or_metabolic_peptide_listed', 'shared_batch_code_across_products']",RUO,pqi_6847492a05aae975,"['HPLC', 'MS']",Hub lists batch with marketing 99%+ only — numeric purity NOT taken from hub. Dual-lab claim Janoshik & Kovera on site. Shared batch code 04042026 used across multiple compounds on hub.,GLP-1 (S),,2026-08-22T23:59:13Z,https://evolabsresearch.co/coa,unknown,30.0,https://evolabsresearch.co/,False
Evo Labs Research,evolabs_research,EVO-Rt,,,,,201125,Janoshik Analytical,janoshik,vendor_pdf,False,,,,https://evolabsresearch.co/coa,[],vendor,complete_lot_coa,,"['glp_analog_or_metabolic_peptide_listed', 'shared_batch_code_across_products']",RUO,pqi_76771c750e395615,"['HPLC', 'MS']",Hub lists batch with marketing 99%+ only — numeric purity NOT taken from hub. Dual-lab claim Janoshik & Kovera on site. Shared batch code 201125 used across multiple compounds on hub.,EVO-Rt,,2026-08-22T23:59:13Z,https://evolabsresearch.co/coa,unknown,,https://evolabsresearch.co/,False
Evo Labs Research,evolabs_research,GLP-2 (T) 30mg,glp-2-t,30mg,149.99,4.9997,201125,Janoshik Analytical,janoshik,vendor_pdf,False,,,,https://evolabsresearch.co/coa,[],vendor,complete_lot_coa,,"['glp_analog_or_metabolic_peptide_listed', 'shared_batch_code_across_products']",RUO,pqi_c93d578922113441,"['HPLC', 'MS']",Hub lists batch with marketing 99%+ only — numeric purity NOT taken from hub. Dual-lab claim Janoshik & Kovera on site. Shared batch code 201125 used across multiple compounds on hub.,GLP-2 (T),,2026-08-22T23:59:13Z,https://evolabsresearch.co/coa,unknown,30.0,https://evolabsresearch.co/,False
Evo Labs Research,evolabs_research,SS31 10mg,ss31,10mg,69.99,6.999,201125,Janoshik Analytical,janoshik,vendor_pdf,False,,,,https://evolabsresearch.co/coa,[],vendor,complete_lot_coa,,['shared_batch_code_across_products'],RUO,pqi_ee31f81d17a8bde7,"['HPLC', 'MS']",Hub lists batch with marketing 99%+ only — numeric purity NOT taken from hub. Dual-lab claim Janoshik & Kovera on site. Shared batch code 201125 used across multiple compounds on hub.,SS31,,2026-08-22T23:59:13Z,https://evolabsresearch.co/coa,unknown,10.0,https://evolabsresearch.co/,False
Evo Labs Research,evolabs_research,EVO-Cag 10mg,cagrilintide,10mg,79.99,7.999,201125,Janoshik Analytical,janoshik,vendor_pdf,False,,,,https://evolabsresearch.co/coa,[],vendor,complete_lot_coa,,"['glp_analog_or_metabolic_peptide_listed', 'shared_batch_code_across_products']",RUO,pqi_ba85c521425bbe5c,"['HPLC', 'MS']",Hub lists batch with marketing 99%+ only — numeric purity NOT taken from hub. Dual-lab claim Janoshik & Kovera on site. Shared batch code 201125 used across multiple compounds on hub.,EVO-Cag,,2026-08-22T23:59:13Z,https://evolabsresearch.co/coa,unknown,10.0,https://evolabsresearch.co/,False
Evo Labs Research,evolabs_research,KLOW 80mg,klow,80mg,119.99,1.4999,201125,Janoshik Analytical,janoshik,vendor_pdf,False,,,,https://evolabsresearch.co/coa,[],vendor,complete_lot_coa,,['shared_batch_code_across_products'],RUO,pqi_843acb9b55701ea3,"['HPLC', 'MS']",Hub lists batch with marketing 99%+ only — numeric purity NOT taken from hub. Dual-lab claim Janoshik & Kovera on site. Shared batch code 201125 used across multiple compounds on hub.,KLOW,,2026-08-22T23:59:13Z,https://evolabsresearch.co/coa,unknown,80.0,https://evolabsresearch.co/,False
Evo Labs Research,evolabs_research,GLOW 70mg,glow,70mg,109.99,1.5713,201125,Janoshik Analytical,janoshik,vendor_pdf,False,,,,https://evolabsresearch.co/coa,[],vendor,complete_lot_coa,,['shared_batch_code_across_products'],RUO,pqi_9b4b8466d28d1a0b,"['HPLC', 'MS']",Hub lists batch with marketing 99%+ only — numeric purity NOT taken from hub. Dual-lab claim Janoshik & Kovera on site. Shared batch code 201125 used across multiple compounds on hub.,GLOW,,2026-08-22T23:59:13Z,https://evolabsresearch.co/coa,unknown,70.0,https://evolabsresearch.co/,False
Evo Labs Research,evolabs_research,5-Amino-1MQ 5mg,5-amino-1-mq,5mg,49.99,9.998,201125,Janoshik Analytical,janoshik,vendor_pdf,False,,,,https://evolabsresearch.co/coa,[],vendor,complete_lot_coa,,['shared_batch_code_across_products'],RUO,pqi_31908d139475c5b2,"['HPLC', 'MS']",Hub lists batch with marketing 99%+ only — numeric purity NOT taken from hub. Dual-lab claim Janoshik & Kovera on site. Shared batch code 201125 used across multiple compounds on hub.,5-Amino-1MQ,,2026-08-22T23:59:13Z,https://evolabsresearch.co/coa,unknown,5.0,https://evolabsresearch.co/,False
Evo Labs Research,evolabs_research,Glutathione 1500mg,glutathione,1500mg,69.99,0.0467,201125,Janoshik Analytical,janoshik,vendor_pdf,False,,,,https://evolabsresearch.co/coa,[],vendor,complete_lot_coa,,['shared_batch_code_across_products'],RUO,pqi_86f9188d587548a4,"['HPLC', 'MS']",Hub lists batch with marketing 99%+ only — numeric purity NOT taken from hub. Dual-lab claim Janoshik & Kovera on site. Shared batch code 201125 used across multiple compounds on hub.,Glutathione,,2026-08-22T23:59:13Z,https://evolabsresearch.co/coa,unknown,1500.0,https://evolabsresearch.co/,False
Evo Labs Research,evolabs_research,IGF-1 LR3,,,,,201125,Janoshik Analytical,janoshik,vendor_pdf,False,,,,https://evolabsresearch.co/coa,[],vendor,complete_lot_coa,,['shared_batch_code_across_products'],RUO,pqi_11ed04e66a17a5e5,"['HPLC', 'MS']",Hub lists batch with marketing 99%+ only — numeric purity NOT taken from hub. Dual-lab claim Janoshik & Kovera on site. Shared batch code 201125 used across multiple compounds on hub.,IGF-1 LR3,,2026-08-22T23:59:13Z,https://evolabsresearch.co/coa,unknown,,https://evolabsresearch.co/,False
Evo Labs Research,evolabs_research,BPC-157 + TB-500 20mg,bpc-157-tb-500,20mg,109.99,5.4995,201125,Janoshik Analytical,janoshik,vendor_pdf,False,,,,https://evolabsresearch.co/coa,[],vendor,complete_lot_coa,,['shared_batch_code_across_products'],RUO,pqi_dc9b3d86aee9a416,"['HPLC', 'MS']",Hub lists batch with marketing 99%+ only — numeric purity NOT taken from hub. Dual-lab claim Janoshik & Kovera on site. Shared batch code 201125 used across multiple compounds on hub.,BPC-157 + TB-500,,2026-08-22T23:59:13Z,https://evolabsresearch.co/coa,unknown,20.0,https://evolabsresearch.co/,False
Evo Labs Research,evolabs_research,Tesa 10mg,tesa,10mg,69.99,6.999,201125,Janoshik Analytical,janoshik,vendor_pdf,False,,,,https://evolabsresearch.co/coa,[],vendor,complete_lot_coa,,['shared_batch_code_across_products'],RUO,pqi_7d1bf23c62e1dd4c,"['HPLC', 'MS']",Hub lists batch with marketing 99%+ only — numeric purity NOT taken from hub. Dual-lab claim Janoshik & Kovera on site. Shared batch code 201125 used across multiple compounds on hub.,Tesa,,2026-08-22T23:59:13Z,https://evolabsresearch.co/coa,unknown,10.0,https://evolabsresearch.co/,False
Evo Labs Research,evolabs_research,BPC-157 10mg,bpc-157,10mg,49.99,4.999,0010825,Janoshik Analytical,janoshik,vendor_pdf,False,,,,https://evolabsresearch.co/coa,[],vendor,complete_lot_coa,,['shared_batch_code_across_products'],RUO,pqi_fd4d9ade47cb0439,"['HPLC', 'MS']",Hub lists batch with marketing 99%+ only — numeric purity NOT taken from hub. Dual-lab claim Janoshik & Kovera on site. Shared batch code 0010825 used across multiple compounds on hub.,BPC-157,,2026-08-22T23:59:13Z,https://evolabsresearch.co/coa,unknown,10.0,https://evolabsresearch.co/,False
Evo Labs Research,evolabs_research,GLP-1 (S) 30mg,glp-1-s,30mg,144.99,4.833,0010825,Janoshik Analytical,janoshik,vendor_pdf,False,,,,https://evolabsresearch.co/coa,[],vendor,complete_lot_coa,,"['glp_analog_or_metabolic_peptide_listed', 'shared_batch_code_across_products']",RUO,pqi_63f6d9848814d326,"['HPLC', 'MS']",Hub lists batch with marketing 99%+ only — numeric purity NOT taken from hub. Dual-lab claim Janoshik & Kovera on site. Shared batch code 0010825 used across multiple compounds on hub.,GLP-1 (S),,2026-08-22T23:59:13Z,https://evolabsresearch.co/coa,unknown,30.0,https://evolabsresearch.co/,False
Evo Labs Research,evolabs_research,Epithalon 10mg,epithalon,10mg,39.99,3.999,0010825,Janoshik Analytical,janoshik,vendor_pdf,False,,,,https://evolabsresearch.co/coa,[],vendor,complete_lot_coa,,['shared_batch_code_across_products'],RUO,pqi_6a87e6d9329d8d08,"['HPLC', 'MS']",Hub lists batch with marketing 99%+ only — numeric purity NOT taken from hub. Dual-lab claim Janoshik & Kovera on site. Shared batch code 0010825 used across multiple compounds on hub.,Epithalon,,2026-08-22T23:59:13Z,https://evolabsresearch.co/coa,unknown,10.0,https://evolabsresearch.co/,False
Evo Labs Research,evolabs_research,EVO GH-191 24IU,evo-gh-191,24IU,49.99,,0010825,Janoshik Analytical,janoshik,vendor_pdf,False,,,,https://evolabsresearch.co/coa,[],vendor,complete_lot_coa,,['shared_batch_code_across_products'],RUO,pqi_9eda7cf1c5221014,"['HPLC', 'MS']",Hub lists batch with marketing 99%+ only — numeric purity NOT taken from hub. Dual-lab claim Janoshik & Kovera on site. Shared batch code 0010825 used across multiple compounds on hub.,EVO GH-191,,2026-08-22T23:59:13Z,https://evolabsresearch.co/coa,unknown,,https://evolabsresearch.co/,False
Evo Labs Research,evolabs_research,Ipamorelin 10mg,ipamorelin,10mg,49.99,4.999,0010825,Janoshik Analytical,janoshik,vendor_pdf,False,,,,https://evolabsresearch.co/coa,[],vendor,complete_lot_coa,,['shared_batch_code_across_products'],RUO,pqi_cbbb141bd8a71cec,"['HPLC', 'MS']",Hub lists batch with marketing 99%+ only — numeric purity NOT taken from hub. Dual-lab claim Janoshik & Kovera on site. Shared batch code 0010825 used across multiple compounds on hub.,Ipamorelin,,2026-08-22T23:59:13Z,https://evolabsresearch.co/coa,unknown,10.0,https://evolabsresearch.co/,False
Evo Labs Research,evolabs_research,CJC-1295 10mg,cjc-1295-w-o-dac,10mg,69.99,6.999,0010825,Janoshik Analytical,janoshik,vendor_pdf,False,,,,https://evolabsresearch.co/coa,[],vendor,complete_lot_coa,,['shared_batch_code_across_products'],RUO,pqi_d3b3670b933437e3,"['HPLC', 'MS']",Hub lists batch with marketing 99%+ only — numeric purity NOT taken from hub. Dual-lab claim Janoshik & Kovera on site. Shared batch code 0010825 used across multiple compounds on hub.,CJC-1295,,2026-08-22T23:59:13Z,https://evolabsresearch.co/coa,unknown,10.0,https://evolabsresearch.co/,False
Evo Labs Research,evolabs_research,NAD+ 500mg,nad,500mg,69.99,0.14,0010825,Janoshik Analytical,janoshik,vendor_pdf,False,,,,https://evolabsresearch.co/coa,[],vendor,complete_lot_coa,,['shared_batch_code_across_products'],RUO,pqi_1dbe3cf47de438eb,"['HPLC', 'MS']",Hub lists batch with marketing 99%+ only — numeric purity NOT taken from hub. Dual-lab claim Janoshik & Kovera on site. Shared batch code 0010825 used across multiple compounds on hub.,NAD+,,2026-08-22T23:59:13Z,https://evolabsresearch.co/coa,unknown,500.0,https://evolabsresearch.co/,False
Evo Labs Research,evolabs_research,Semax 10mg,semax,10mg,39.99,3.999,0010825,Janoshik Analytical,janoshik,vendor_pdf,False,,,,https://evolabsresearch.co/coa,[],vendor,complete_lot_coa,,['shared_batch_code_across_products'],RUO,pqi_aad5ab7bf9055ef1,"['HPLC', 'MS']",Hub lists batch with marketing 99%+ only — numeric purity NOT taken from hub. Dual-lab claim Janoshik & Kovera on site. Shared batch code 0010825 used across multiple compounds on hub.,Semax,,2026-08-22T23:59:13Z,https://evolabsresearch.co/coa,unknown,10.0,https://evolabsresearch.co/,False
Evo Labs Research,evolabs_research,Selank 10mg,selank,10mg,39.99,3.999,0010825,Janoshik Analytical,janoshik,vendor_pdf,False,,,,https://evolabsresearch.co/coa,[],vendor,complete_lot_coa,,['shared_batch_code_across_products'],RUO,pqi_12599b65b082a8cb,"['HPLC', 'MS']",Hub lists batch with marketing 99%+ only — numeric purity NOT taken from hub. Dual-lab claim Janoshik & Kovera on site. Shared batch code 0010825 used across multiple compounds on hub.,Selank,,2026-08-22T23:59:13Z,https://evolabsresearch.co/coa,unknown,10.0,https://evolabsresearch.co/,False
Evo Labs Research,evolabs_research,Glutathione 1500mg,glutathione,1500mg,69.99,0.0467,0010825,Janoshik Analytical,janoshik,vendor_pdf,False,,,,https://evolabsresearch.co/coa,[],vendor,complete_lot_coa,,['shared_batch_code_across_products'],RUO,pqi_47f98bcf1159182a,"['HPLC', 'MS']",Hub lists batch with marketing 99%+ only — numeric purity NOT taken from hub. Dual-lab claim Janoshik & Kovera on site. Shared batch code 0010825 used across multiple compounds on hub.,Glutathione,,2026-08-22T23:59:13Z,https://evolabsresearch.co/coa,unknown,1500.0,https://evolabsresearch.co/,False
Evo Labs Research,evolabs_research,GHK-Cu 50mg,ghk-cu,50mg,39.99,0.7998,0010825,Janoshik Analytical,janoshik,vendor_pdf,False,,,,https://evolabsresearch.co/coa,[],vendor,complete_lot_coa,,['shared_batch_code_across_products'],RUO,pqi_0ecee5c25f23ed28,"['HPLC', 'MS']",Hub lists batch with marketing 99%+ only — numeric purity NOT taken from hub. Dual-lab claim Janoshik & Kovera on site. Shared batch code 0010825 used across multiple compounds on hub.,GHK-Cu,,2026-08-22T23:59:13Z,https://evolabsresearch.co/coa,unknown,50.0,https://evolabsresearch.co/,False
Evo Labs Research,evolabs_research,MOTS-C 10mg,mots-c,10mg,49.99,4.999,0010825,Janoshik Analytical,janoshik,vendor_pdf,False,,,,https://evolabsresearch.co/coa,[],vendor,complete_lot_coa,,['shared_batch_code_across_products'],RUO,pqi_519389dfa1be1e13,"['HPLC', 'MS']",Hub lists batch with marketing 99%+ only — numeric purity NOT taken from hub. Dual-lab claim Janoshik & Kovera on site. Shared batch code 0010825 used across multiple compounds on hub.,MOTS-C,,2026-08-22T23:59:13Z,https://evolabsresearch.co/coa,unknown,10.0,https://evolabsresearch.co/,False
Evo Labs Research,evolabs_research,IGF-1 LR3,,,,,0010825,Janoshik Analytical,janoshik,vendor_pdf,False,,,,https://evolabsresearch.co/coa,[],vendor,complete_lot_coa,,['shared_batch_code_across_products'],RUO,pqi_fb275b776b39dbe9,"['HPLC', 'MS']",Hub lists batch with marketing 99%+ only — numeric purity NOT taken from hub. Dual-lab claim Janoshik & Kovera on site. Shared batch code 0010825 used across multiple compounds on hub.,IGF-1 LR3,,2026-08-22T23:59:13Z,https://evolabsresearch.co/coa,unknown,,https://evolabsresearch.co/,False
Evo Labs Research,evolabs_research,Thymosin Alpha 5mg,thymosin-alpha,5mg,44.99,8.998,0010825,Janoshik Analytical,janoshik,vendor_pdf,False,,,,https://evolabsresearch.co/coa,[],vendor,complete_lot_coa,,['shared_batch_code_across_products'],RUO,pqi_6bcffe51d3687258,"['HPLC', 'MS']",Hub lists batch with marketing 99%+ only — numeric purity NOT taken from hub. Dual-lab claim Janoshik & Kovera on site. Shared batch code 0010825 used across multiple compounds on hub.,Thymosin Alpha,,2026-08-22T23:59:13Z,https://evolabsresearch.co/coa,unknown,5.0,https://evolabsresearch.co/,False
Evo Labs Research,evolabs_research,KPV 10mg,kpv,10mg,49.99,4.999,0010825,Janoshik Analytical,janoshik,vendor_pdf,False,,,,https://evolabsresearch.co/coa,[],vendor,complete_lot_coa,,['shared_batch_code_across_products'],RUO,pqi_2c444556d1936e69,"['HPLC', 'MS']",Hub lists batch with marketing 99%+ only — numeric purity NOT taken from hub. Dual-lab claim Janoshik & Kovera on site. Shared batch code 0010825 used across multiple compounds on hub.,KPV,,2026-08-22T23:59:13Z,https://evolabsresearch.co/coa,unknown,10.0,https://evolabsresearch.co/,False
Evo Labs Research,evolabs_research,Kisspeptin 10mg,kisspeptin,10mg,84.99,8.499,0010825,Janoshik Analytical,janoshik,vendor_pdf,False,,,,https://evolabsresearch.co/coa,[],vendor,complete_lot_coa,,['shared_batch_code_across_products'],RUO,pqi_868e10448c336056,"['HPLC', 'MS']",Hub lists batch with marketing 99%+ only — numeric purity NOT taken from hub. Dual-lab claim Janoshik & Kovera on site. Shared batch code 0010825 used across multiple compounds on hub.,Kisspeptin,,2026-08-22T23:59:13Z,https://evolabsresearch.co/coa,unknown,10.0,https://evolabsresearch.co/,False
Evo Labs Research,evolabs_research,DSIP 15mg,dsip,15mg,44.99,2.9993,0010825,Janoshik Analytical,janoshik,vendor_pdf,False,,,,https://evolabsresearch.co/coa,[],vendor,complete_lot_coa,,['shared_batch_code_across_products'],RUO,pqi_46b7f7296cc641fd,"['HPLC', 'MS']",Hub lists batch with marketing 99%+ only — numeric purity NOT taken from hub. Dual-lab claim Janoshik & Kovera on site. Shared batch code 0010825 used across multiple compounds on hub.,DSIP,,2026-08-22T23:59:13Z,https://evolabsresearch.co/coa,unknown,15.0,https://evolabsresearch.co/,False
Evo Labs Research,evolabs_research,PT-141 10mg,pt-141,10mg,39.99,3.999,0010825,Janoshik Analytical,janoshik,vendor_pdf,False,,,,https://evolabsresearch.co/coa,[],vendor,complete_lot_coa,,['shared_batch_code_across_products'],RUO,pqi_0b6e7245159794aa,"['HPLC', 'MS']",Hub lists batch with marketing 99%+ only — numeric purity NOT taken from hub. Dual-lab claim Janoshik & Kovera on site. Shared batch code 0010825 used across multiple compounds on hub.,PT-141,,2026-08-22T23:59:13Z,https://evolabsresearch.co/coa,unknown,10.0,https://evolabsresearch.co/,False
Evo Labs Research,evolabs_research,MT-2 10mg,mt-2-melanotan-ii,10mg,39.99,3.999,0010825,Janoshik Analytical,janoshik,vendor_pdf,False,,,,https://evolabsresearch.co/coa,[],vendor,complete_lot_coa,,['shared_batch_code_across_products'],RUO,pqi_a058feb367c438b9,"['HPLC', 'MS']",Hub lists batch with marketing 99%+ only — numeric purity NOT taken from hub. Dual-lab claim Janoshik & Kovera on site. Shared batch code 0010825 used across multiple compounds on hub.,MT-2,,2026-08-22T23:59:13Z,https://evolabsresearch.co/coa,unknown,10.0,https://evolabsresearch.co/,False
Evo Labs Research,evolabs_research,SNAP-8 10mg,snap-8,10mg,34.99,3.499,0010825,Janoshik Analytical,janoshik,vendor_pdf,False,,,,https://evolabsresearch.co/coa,[],vendor,complete_lot_coa,,['shared_batch_code_across_products'],RUO,pqi_e65cfd94f26a40ac,"['HPLC', 'MS']",Hub lists batch with marketing 99%+ only — numeric purity NOT taken from hub. Dual-lab claim Janoshik & Kovera on site. Shared batch code 0010825 used across multiple compounds on hub.,SNAP-8,,2026-08-22T23:59:13Z,https://evolabsresearch.co/coa,unknown,10.0,https://evolabsresearch.co/,False
Evo Labs Research,evolabs_research,LIPO C 10mL,lipo-c,10mL,59.99,,0010825,Janoshik Analytical,janoshik,vendor_pdf,False,,,,https://evolabsresearch.co/coa,[],vendor,complete_lot_coa,,['shared_batch_code_across_products'],RUO,pqi_c7effcd5ca9fa369,"['HPLC', 'MS']",Hub lists batch with marketing 99%+ only — numeric purity NOT taken from hub. Dual-lab claim Janoshik & Kovera on site. Shared batch code 0010825 used across multiple compounds on hub.,LIPO C,,2026-08-22T23:59:13Z,https://evolabsresearch.co/coa,unknown,,https://evolabsresearch.co/,False
Evo Labs Research,evolabs_research,B12 10mL,b12,10mL,54.99,,0010825,Janoshik Analytical,janoshik,vendor_pdf,False,,,,https://evolabsresearch.co/coa,[],vendor,complete_lot_coa,,['shared_batch_code_across_products'],RUO,pqi_26788658a4065e97,"['HPLC', 'MS']",Hub lists batch with marketing 99%+ only — numeric purity NOT taken from hub. Dual-lab claim Janoshik & Kovera on site. Shared batch code 0010825 used across multiple compounds on hub.,B12,,2026-08-22T23:59:13Z,https://evolabsresearch.co/coa,unknown,,https://evolabsresearch.co/,False
Evo Labs Research,evolabs_research,Recon Water (0.9% Benzyl Alcohol) — 30 mL,bac-water-united-labs30ml,30ML,24.99,,DVB038,,unknown,unverified,False,,,,https://evolabsresearch.co/coa,[],vendor,product_price_only,,['bac_water_kit_sold_alongside_peptides'],RUO,pqi_98c5fb3c0aaa6052,[],BAC/recon water sold on RUO storefront; COA hub lists Bac Water batch DVB038. Not a peptide.,,,2026-08-22T23:59:13Z,https://evolabsresearch.co/products,unknown,,https://evolabsresearch.co/,False
Evo Labs Research,evolabs_research,BPC-157 10mg — Nasal Bundle,bpc-157,10mg — Nasal Bundle,59.99,5.999,EVO5212026,Kovera Labs,other,vendor_pdf,False,,,,https://evolabsresearch.co/coa,[],vendor,product_price_only,,['nasal_bundle_sku_suggests_administration_route'],RUO,pqi_d75bb2679b46f94b,[],Nasal bundle SKU on product page; informational flag only. No dosing fields populated.,BPC-157,,2026-08-22T23:59:13Z,https://evolabsresearch.co/products/bpc-157,unknown,10.0,https://evolabsresearch.co/,False
Prime Peptides,prime_peptides,AOD-9604 5mg,4132026AD,5mg,50.0,10.0,4132026AD,Janoshik Analytical,janoshik,verified_on_lab_portal,True,ZN8B3HQJ6K8R,163765,99.45,https://primepeptides.co/testing/,"['purity', 'endotoxin']",vendor,complete_lot_coa,Pass,[],RUO,pqi_9a99c0873190521e,['HPLC'],Testing page card dated 2026-05-26. hub amount AOD-9604 4.9mg Janoshik unique key present on card (ZN8B3HQJ6K8R); portal re-check NOT completed this pilot — status remains vendor_pdf not verified_on_lab_portal.; Portal recheck 2026-08-22: verified_on_lab_portal via janoshik.com/verification/?task=163765&key=ZN8B3HQJ6K8R (Open report + verify.janoshik.com Test Report #163765). Key also printed on Prime testing page. Portal HTML exposes report image only; no structured purity/date copied.,AOD-9604,,2026-08-22T23:59:13Z,https://primepeptides.co/testing/,unknown,5.0,https://primepeptides.co/,True
Prime Peptides,prime_peptides,BAC Water,4172026BAC,,25.0,,4172026BAC,Janoshik Analytical,janoshik,verified_on_lab_portal,True,9T39MXJDW5EK,170352,,https://primepeptides.co/testing/,[],vendor,complete_lot_coa,,['bac_water_kit_sold_alongside_peptides'],RUO,pqi_ad5f53ef4461e9ad,[],Testing page card dated 2026-06-11. Benzyl Alcohol 8.87 mg/ml; pH 6.45 — not a peptide Janoshik unique key present on card (9T39MXJDW5EK); portal re-check NOT completed this pilot — status remains vendor_pdf not verified_on_lab_portal.; Portal recheck 2026-08-22: verified_on_lab_portal via janoshik.com/verification/?task=170352&key=9T39MXJDW5EK (Open report + verify.janoshik.com Test Report #170352). Key also printed on Prime testing page. Portal HTML exposes report image only; no structured purity/date copied.,,,2026-08-22T23:59:13Z,https://primepeptides.co/testing/,unknown,,https://primepeptides.co/,True
Prime Peptides,prime_peptides,BPC-157 10mg,4042026,10mg,50.0,5.0,4042026,Janoshik Analytical,janoshik,verified_on_lab_portal,True,ZG8GLPRWV37H,156387,99.814,https://primepeptides.co/testing/,"['purity', 'endotoxin']",vendor,complete_lot_coa,Pass,[],RUO,pqi_cd0b0d3e27a302d1,['HPLC'],Testing page card dated 2026-05-15. hub also lists amount 10.8mg as purity line artifact — purity 99.814% used; amount noted separately; Portal recheck 2026-08-22: verified_on_lab_portal via janoshik.com/verification/?task=156387&key=ZG8GLPRWV37H (Open report + verify.janoshik.com Test Report #156387). Key also printed on Prime testing page. Portal HTML exposes report image only; no structured purity/date copied.,BPC-157,,2026-08-22T23:59:13Z,https://primepeptides.co/testing/,unknown,10.0,https://primepeptides.co/,True
Prime Peptides,prime_peptides,CJC & Ipa 5+5mg,3292026CJI,5+5mg,75.0,15.0,3292026CJI,Janoshik Analytical,janoshik,verified_on_lab_portal,True,53UZL8DH6SWS,154307,,https://primepeptides.co/testing/,['endotoxin'],vendor,complete_lot_coa,Pass,[],RUO,pqi_3659bc03653cd6e9,[],Testing page card dated 2026-05-11. CJC-1295 4.96mg; Ipamorelin 4.77mg; purity not numeric on card; Portal recheck 2026-08-22: verified_on_lab_portal via janoshik.com/verification/?task=154307&key=53UZL8DH6SWS (Open report + verify.janoshik.com Test Report #154307). Key also printed on Prime testing page. Portal HTML exposes report image only; no structured purity/date copied.,CJC & Ipa,,2026-08-22T23:59:13Z,https://primepeptides.co/testing/,unknown,5.0,https://primepeptides.co/,True
Prime Peptides,prime_peptides,GHK-Cu 100mg,PP-6524116,100mg,65.0,0.65,PP-6524116,Horizon Analytical,other,vendor_pdf,False,,,99.64,https://primepeptides.co/testing/,"['purity', 'endotoxin']",vendor,complete_lot_coa,Pass,[],RUO,pqi_e7aa5d787c1e1e46,['HPLC'],Testing page card dated 2026-06-06. Lab: Horizon Analytical; quantity 99.5mg; Portal recheck 2026-08-22: skipped Janoshik portal (non-Janoshik lab on COA card).,GHK-Cu,,2026-08-22T23:59:13Z,https://primepeptides.co/testing/,unknown,100.0,https://primepeptides.co/,False
Prime Peptides,prime_peptides,GLOW Blend 70mg,3302026GLO,70mg,105.0,1.5,3302026GLO,Janoshik Analytical,janoshik,verified_on_lab_portal,True,R5BFIXA1MB74,150112,,https://primepeptides.co/testing/,['endotoxin'],vendor,complete_lot_coa,Pass,[],RUO,pqi_bb97931a21cd5357,[],Testing page card dated 2025-08-28. GHK-Cu 47.44; BPC-157 10.6; TB-500 10.9 Janoshik unique key present on card (R5BFIXA1MB74); portal re-check NOT completed this pilot — status remains vendor_pdf not verified_on_lab_portal.; Portal recheck 2026-08-22: verified_on_lab_portal via janoshik.com/verification/?task=150112&key=R5BFIXA1MB74 (Open report + verify.janoshik.com Test Report #150112). Key also printed on Prime testing page. Portal HTML exposes report image only; no structured purity/date copied.,GLOW Blend,,2026-08-22T23:59:13Z,https://primepeptides.co/testing/,unknown,70.0,https://primepeptides.co/,True
Prime Peptides,prime_peptides,GLOW Blend 70mg,1132026GLO,70mg,105.0,1.5,1132026GLO,Janoshik Analytical,janoshik,verified_on_lab_portal,True,4K3MRGGREIE8,107697,,https://primepeptides.co/testing/,[],vendor,complete_lot_coa,,[],RUO,pqi_21351e1cbdd161f2,[],Testing page card dated 2025-08-28. GHK-Cu 52.73; BPC-157 10.26; TB-500 10.08 Janoshik unique key present on card (4K3MRGGREIE8); portal re-check NOT completed this pilot — status remains vendor_pdf not verified_on_lab_portal.; Portal recheck 2026-08-22: verified_on_lab_portal via janoshik.com/verification/?task=107697&key=4K3MRGGREIE8 (Open report + verify.janoshik.com Test Report #107697). Key also printed on Prime testing page. Portal HTML exposes report image only; no structured purity/date copied.,GLOW Blend,,2026-08-22T23:59:13Z,https://primepeptides.co/testing/,unknown,70.0,https://primepeptides.co/,True
Prime Peptides,prime_peptides,Glutathione 1500mg,3152026GLU,1500mg,65.0,0.0433,3152026GLU,Bioviridian,other,vendor_pdf,False,,,99.8,https://primepeptides.co/testing/,"['purity', 'endotoxin']",vendor,complete_lot_coa,Pass,[],RUO,pqi_6028eab0df44045a,['HPLC'],Testing page card dated 2026-04-24. Lab: Bioviridian; Portal recheck 2026-08-22: skipped Janoshik portal (non-Janoshik lab on COA card).,Glutathione,,2026-08-22T23:59:13Z,https://primepeptides.co/testing/,unknown,1500.0,https://primepeptides.co/,False
Prime Peptides,prime_peptides,Ipamorelin,3162026IPA,,55.0,,3162026IPA,Bioviridian,other,vendor_pdf,False,,,99.8,https://primepeptides.co/testing/,['purity'],vendor,complete_lot_coa,,[],RUO,pqi_d880aa8d127745ec,['HPLC'],Testing page card dated 2026-04-22. Lab: Bioviridian; Portal recheck 2026-08-22: skipped Janoshik portal (non-Janoshik lab on COA card).,Ipamorelin,,2026-08-22T23:59:13Z,https://primepeptides.co/testing/,unknown,,https://primepeptides.co/,False
Prime Peptides,prime_peptides,KLOW Blend 80mg,4022026KLO,80mg,140.0,1.75,4022026KLO,Janoshik Analytical,janoshik,verified_on_lab_portal,True,2YAYN9FEHN7U,156393,,https://primepeptides.co/testing/,['endotoxin'],vendor,complete_lot_coa,Pass,[],RUO,pqi_52a47d594dfcb502,[],Testing page card dated 2026-05-15. GHK-Cu 48.86; BPC-157 11.32; TB-500 10.25; KPV 9.46; Portal recheck 2026-08-22: verified_on_lab_portal via janoshik.com/verification/?task=156393&key=2YAYN9FEHN7U (Open report + verify.janoshik.com Test Report #156393). Key also printed on Prime testing page. Portal HTML exposes report image only; no structured purity/date copied.,KLOW Blend,,2026-08-22T23:59:13Z,https://primepeptides.co/testing/,unknown,80.0,https://primepeptides.co/,True
Prime Peptides,prime_peptides,Melanotan I 10mg,4152025MT,10mg,45.0,4.5,4152025MT,Janoshik Analytical,janoshik,verified_on_lab_portal,True,TKVNHDA8GJLP,74829,99.973,https://primepeptides.co/testing/,['purity'],vendor,complete_lot_coa,,[],RUO,pqi_424b8f000f651220,['HPLC'],Testing page card dated 2025-08-14. Janoshik unique key present on card (TKVNHDA8GLP); portal re-check NOT completed this pilot — status remains vendor_pdf not verified_on_lab_portal.; Portal recheck 2026-08-22: verified_on_lab_portal via janoshik.com/verification/?task=74829&key=TKVNHDA8GJLP (Open report + verify.janoshik.com Test Report #74829). Key also printed on Prime testing page. Portal HTML exposes report image only; no structured purity/date copied.,Melanotan I,,2026-08-22T23:59:13Z,https://primepeptides.co/testing/,unknown,10.0,https://primepeptides.co/,True
Prime Peptides,prime_peptides,Melanotan I 10mg,8022025MT,10mg,45.0,4.5,8022025MT,Janoshik Analytical,janoshik,verified_on_lab_portal,True,EV7NS5HZY89L,74828,99.863,https://primepeptides.co/testing/,['purity'],vendor,complete_lot_coa,,[],RUO,pqi_467d927c46fa36f0,['HPLC'],Testing page card dated 2025-08-14. Janoshik unique key present on card (EV7NS5HZY89L); portal re-check NOT completed this pilot — status remains vendor_pdf not verified_on_lab_portal.; Portal recheck 2026-08-22: verified_on_lab_portal via janoshik.com/verification/?task=74828&key=EV7NS5HZY89L (Open report + verify.janoshik.com Test Report #74828). Key also printed on Prime testing page. Portal HTML exposes report image only; no structured purity/date copied.,Melanotan I,,2026-08-22T23:59:13Z,https://primepeptides.co/testing/,unknown,10.0,https://primepeptides.co/,True
Prime Peptides,prime_peptides,Melanotan II 10mg,3092026MT2,10mg,40.0,4.0,3092026MT2,Janoshik Analytical,janoshik,verified_on_lab_portal,True,9EMRVLDJM638,150110,99.967,https://primepeptides.co/testing/,"['purity', 'endotoxin']",vendor,complete_lot_coa,Pass,[],RUO,pqi_115933ce2a022e35,['HPLC'],Testing page card dated 2026-04-28. Janoshik unique key present on card (9EMRVLDJM638); portal re-check NOT completed this pilot — status remains vendor_pdf not verified_on_lab_portal.; Portal recheck 2026-08-22: verified_on_lab_portal via janoshik.com/verification/?task=150110&key=9EMRVLDJM638 (Open report + verify.janoshik.com Test Report #150110). Key also printed on Prime testing page. Portal HTML exposes report image only; no structured purity/date copied.,Melanotan II,,2026-08-22T23:59:13Z,https://primepeptides.co/testing/,unknown,10.0,https://primepeptides.co/,True
Prime Peptides,prime_peptides,Melanotan II 10mg,3132026MT2,10mg,40.0,4.0,3132026MT2,Janoshik Analytical,janoshik,verified_on_lab_portal,True,SZK4MDXEVGSN,150108,99.732,https://primepeptides.co/testing/,"['purity', 'endotoxin']",vendor,complete_lot_coa,Pass,[],RUO,pqi_bff8bbecddd80cbe,['HPLC'],Testing page card dated 2026-04-28. Janoshik unique key present on card (SZK4MDXEVGSN); portal re-check NOT completed this pilot — status remains vendor_pdf not verified_on_lab_portal.; Portal recheck 2026-08-22: verified_on_lab_portal via janoshik.com/verification/?task=150108&key=SZK4MDXEVGSN (Open report + verify.janoshik.com Test Report #150108). Key also printed on Prime testing page. Portal HTML exposes report image only; no structured purity/date copied.,Melanotan II,,2026-08-22T23:59:13Z,https://primepeptides.co/testing/,unknown,10.0,https://primepeptides.co/,True
Prime Peptides,prime_peptides,MOTS-c 10mg,4052026MO,10mg,55.0,5.5,4052026MO,Janoshik Analytical,janoshik,verified_on_lab_portal,True,JUDX7JJZ9U7E,156389,98.732,https://primepeptides.co/testing/,"['purity', 'endotoxin']",vendor,complete_lot_coa,Pass,[],RUO,pqi_f49bbea4068b2738,['HPLC'],Testing page card dated 2026-05-15. hub amount 10.53mg; Portal recheck 2026-08-22: verified_on_lab_portal via janoshik.com/verification/?task=156389&key=JUDX7JJZ9U7E (Open report + verify.janoshik.com Test Report #156389). Key also printed on Prime testing page. Portal HTML exposes report image only; no structured purity/date copied.,MOTS-c,,2026-08-22T23:59:13Z,https://primepeptides.co/testing/,unknown,10.0,https://primepeptides.co/,True
Prime Peptides,prime_peptides,NAD+ 1000mg,2172026ND,1000mg,125.0,0.125,2172026ND,Bioviridian,other,vendor_pdf,False,,,99.8,https://primepeptides.co/testing/,"['purity', 'endotoxin']",vendor,complete_lot_coa,Pass,[],RUO,pqi_bc3ecbee39f667ca,['HPLC'],Testing page card dated 2026-04-04. Lab: Bioviridian; Portal recheck 2026-08-22: skipped Janoshik portal (non-Janoshik lab on COA card).,NAD+,,2026-08-22T23:59:13Z,https://primepeptides.co/testing/,unknown,1000.0,https://primepeptides.co/,False
Prime Peptides,prime_peptides,NAD+ 1000mg,4112026ND,1000mg,125.0,0.125,4112026ND,Janoshik Analytical,janoshik,verified_on_lab_portal,True,XE9DZTAI14A5,163759,,https://primepeptides.co/testing/,['endotoxin'],vendor,complete_lot_coa,Pass,[],RUO,pqi_4a64c8467c113000,[],Testing page card dated 2026-05-25. amount 1042.29mg; purity not on card; Portal recheck 2026-08-22: verified_on_lab_portal via janoshik.com/verification/?task=163759&key=XE9DZTAI14A5 (Open report + verify.janoshik.com Test Report #163759). Key also printed on Prime testing page. Portal HTML exposes report image only; no structured purity/date copied.,NAD+,,2026-08-22T23:59:13Z,https://primepeptides.co/testing/,unknown,1000.0,https://primepeptides.co/,True
Prime Peptides,prime_peptides,Retatrutide 30mg,26071002,30mg,120.0,4.0,26071002,Freedom Diagnostics,other,vendor_pdf,False,,,99.97,https://primepeptides.co/testing/,"['purity', 'endotoxin']",vendor,complete_lot_coa,Pass,"['glp_analog_or_metabolic_peptide_listed', 'fda_warning_letter_2024-12-10_glp_marketing']",RUO,pqi_1d1834beabf99b07,['HPLC'],"Testing page card dated 2026-07-16. Lab: Freedom Diagnostic FDA warning letter #695156 (2024-12-10) to Prime Vitality, Inc. dba Prime Peptides re: unapproved/misbranded Semaglutide & Retatrutide marketing despite RUO labeling. Source: FDA warning letter / contemporaneous press. Hold full Sep 2025 50+ crawl.; Portal recheck 2026-08-22: skipped Janoshik portal (non-Janoshik lab on COA card).",Retatrutide,,2026-08-22T23:59:13Z,https://primepeptides.co/testing/,unknown,30.0,https://primepeptides.co/,False
Prime Peptides,prime_peptides,Retatrutide 10mg,4122026RT,10mg,120.0,12.0,4122026RT,Janoshik Analytical,janoshik,verified_on_lab_portal,True,DNFI7M8XE64J,163757,99.131,https://primepeptides.co/testing/,"['purity', 'endotoxin']",vendor,complete_lot_coa,Pass,"['glp_analog_or_metabolic_peptide_listed', 'fda_warning_letter_2024-12-10_glp_marketing']",RUO,pqi_c816c0c01bacce89,['HPLC'],"Testing page card dated 2026-05-26. amount 11.84mg Janoshik unique key present on card (DNFI7M8XE64J); portal re-check NOT completed this pilot — status remains vendor_pdf not verified_on_lab_portal. FDA warning letter #695156 (2024-12-10) to Prime Vitality, Inc. dba Prime Peptides re: unapproved/misbranded Semaglutide & Retatrutide marketing despite RUO labeling. Source: FDA warning letter / contemporaneous press. Hold full Sep 2025 50+ crawl.; Portal recheck 2026-08-22: verified_on_lab_portal via janoshik.com/verification/?task=163757&key=DNFI7M8XE64J (Open report + verify.janoshik.com Test Report #163757). Key also printed on Prime testing page. Portal HTML exposes report image only; no structured purity/date copied.",Retatrutide,,2026-08-22T23:59:13Z,https://primepeptides.co/testing/,unknown,10.0,https://primepeptides.co/,True
Prime Peptides,prime_peptides,Retatrutide 30mg,5292026RT,30mg,120.0,4.0,5292026RT,Janoshik Analytical,janoshik,verified_on_lab_portal,True,XIB8E5878V37,170357,99.505,https://primepeptides.co/testing/,"['purity', 'endotoxin']",vendor,complete_lot_coa,Pass,"['glp_analog_or_metabolic_peptide_listed', 'fda_warning_letter_2024-12-10_glp_marketing']",RUO,pqi_c6face048cbbdfc9,['HPLC'],"Testing page card dated 2026-06-15. Janoshik unique key present on card (XIB8E5878V37); portal re-check NOT completed this pilot — status remains vendor_pdf not verified_on_lab_portal. FDA warning letter #695156 (2024-12-10) to Prime Vitality, Inc. dba Prime Peptides re: unapproved/misbranded Semaglutide & Retatrutide marketing despite RUO labeling. Source: FDA warning letter / contemporaneous press. Hold full Sep 2025 50+ crawl.; Portal recheck 2026-08-22: verified_on_lab_portal via janoshik.com/verification/?task=170357&key=XIB8E5878V37 (Open report + verify.janoshik.com Test Report #170357). Key also printed on Prime testing page. Portal HTML exposes report image only; no structured purity/date copied.",Retatrutide,,2026-08-22T23:59:13Z,https://primepeptides.co/testing/,unknown,30.0,https://primepeptides.co/,True
Prime Peptides,prime_peptides,Retatrutide 60mg,4102026RT,60mg,120.0,2.0,4102026RT,Janoshik Analytical,janoshik,verified_on_lab_portal,True,MC37SDFQ1EZE,163769,99.82,https://primepeptides.co/testing/,['purity'],vendor,complete_lot_coa,,"['glp_analog_or_metabolic_peptide_listed', 'fda_warning_letter_2024-12-10_glp_marketing']",RUO,pqi_ab0bb55b75af9f76,['HPLC'],"Testing page card dated 2026-05-26. quantity 74.45mg Janoshik unique key present on card (MC37SDFQ1EZE); portal re-check NOT completed this pilot — status remains vendor_pdf not verified_on_lab_portal. FDA warning letter #695156 (2024-12-10) to Prime Vitality, Inc. dba Prime Peptides re: unapproved/misbranded Semaglutide & Retatrutide marketing despite RUO labeling. Source: FDA warning letter / contemporaneous press. Hold full Sep 2025 50+ crawl.; Portal recheck 2026-08-22: verified_on_lab_portal via janoshik.com/verification/?task=163769&key=MC37SDFQ1EZE (Open report + verify.janoshik.com Test Report #163769). Key also printed on Prime testing page. Portal HTML exposes report image only; no structured purity/date copied.",Retatrutide,,2026-08-22T23:59:13Z,https://primepeptides.co/testing/,unknown,60.0,https://primepeptides.co/,True
Prime Peptides,prime_peptides,Selank | Semax 20mg,5052026SSX,20mg,90.0,4.5,5052026SSX,Janoshik Analytical,janoshik,verified_on_lab_portal,True,R5GE376Z8HZU,194211,,https://primepeptides.co/testing/,['endotoxin'],vendor,complete_lot_coa,Pass,[],RUO,pqi_46396df2813e52b0,[],Testing page card dated 2026-06-23. Selank 9.93; Semax 9.77 Janoshik unique key present on card (R5GE376Z8HZU); portal re-check NOT completed this pilot — status remains vendor_pdf not verified_on_lab_portal.; Portal recheck 2026-08-22: verified_on_lab_portal via janoshik.com/verification/?task=194211&key=R5GE376Z8HZU (Open report + verify.janoshik.com Test Report #194211). Key also printed on Prime testing page. Portal HTML exposes report image only; no structured purity/date copied.,Selank,,2026-08-22T23:59:13Z,https://primepeptides.co/testing/,unknown,20.0,https://primepeptides.co/,True
Prime Peptides,prime_peptides,Semaglutide,2242026SM,,80.0,,2242026SM,Janoshik Analytical,janoshik,verified_on_lab_portal,True,E15NW2FS54XA,150098,99.172,https://primepeptides.co/testing/,"['purity', 'endotoxin']",vendor,complete_lot_coa,Pass,"['glp_analog_or_metabolic_peptide_listed', 'fda_warning_letter_2024-12-10_glp_marketing']",RUO,pqi_c0188ebcca22f0bd,['HPLC'],"Testing page card dated 2026-04-28. Janoshik unique key present on card (E15NW2FS54XA); portal re-check NOT completed this pilot — status remains vendor_pdf not verified_on_lab_portal. FDA warning letter #695156 (2024-12-10) to Prime Vitality, Inc. dba Prime Peptides re: unapproved/misbranded Semaglutide & Retatrutide marketing despite RUO labeling. Source: FDA warning letter / contemporaneous press. Hold full Sep 2025 50+ crawl.; Portal recheck 2026-08-22: verified_on_lab_portal via janoshik.com/verification/?task=150098&key=E15NW2FS54XA (Open report + verify.janoshik.com Test Report #150098). Key also printed on Prime testing page. Portal HTML exposes report image only; no structured purity/date copied.",Semaglutide,,2026-08-22T23:59:13Z,https://primepeptides.co/testing/,unknown,,https://primepeptides.co/,True
Prime Peptides,prime_peptides,Semaglutide,3142026SM,,80.0,,3142026SM,Janoshik Analytical,janoshik,verified_on_lab_portal,True,8LXRRQF586XL,150102,99.751,https://primepeptides.co/testing/,"['purity', 'endotoxin']",vendor,complete_lot_coa,Pass,"['glp_analog_or_metabolic_peptide_listed', 'fda_warning_letter_2024-12-10_glp_marketing']",RUO,pqi_a09feaf2b640ac1d,['HPLC'],"Testing page card dated 2026-04-28. Janoshik unique key present on card (8LXRRQF586XL); portal re-check NOT completed this pilot — status remains vendor_pdf not verified_on_lab_portal. FDA warning letter #695156 (2024-12-10) to Prime Vitality, Inc. dba Prime Peptides re: unapproved/misbranded Semaglutide & Retatrutide marketing despite RUO labeling. Source: FDA warning letter / contemporaneous press. Hold full Sep 2025 50+ crawl.; Portal recheck 2026-08-22: verified_on_lab_portal via janoshik.com/verification/?task=150102&key=8LXRRQF586XL (Open report + verify.janoshik.com Test Report #150102). Key also printed on Prime testing page. Portal HTML exposes report image only; no structured purity/date copied.",Semaglutide,,2026-08-22T23:59:13Z,https://primepeptides.co/testing/,unknown,,https://primepeptides.co/,True
Prime Peptides,prime_peptides,Semaglutide,3022026SM,,80.0,,3022026SM,Janoshik Analytical,janoshik,verified_on_lab_portal,True,YE1LHF4GKZEW,150100,99.862,https://primepeptides.co/testing/,"['purity', 'endotoxin']",vendor,complete_lot_coa,Pass,"['glp_analog_or_metabolic_peptide_listed', 'fda_warning_letter_2024-12-10_glp_marketing']",RUO,pqi_ab5f133f21ba91d7,['HPLC'],"Testing page card dated 2026-04-28. Janoshik unique key present on card (YE1LHF4GKZEW); portal re-check NOT completed this pilot — status remains vendor_pdf not verified_on_lab_portal. FDA warning letter #695156 (2024-12-10) to Prime Vitality, Inc. dba Prime Peptides re: unapproved/misbranded Semaglutide & Retatrutide marketing despite RUO labeling. Source: FDA warning letter / contemporaneous press. Hold full Sep 2025 50+ crawl.; Portal recheck 2026-08-22: verified_on_lab_portal via janoshik.com/verification/?task=150100&key=YE1LHF4GKZEW (Open report + verify.janoshik.com Test Report #150100). Key also printed on Prime testing page. Portal HTML exposes report image only; no structured purity/date copied.",Semaglutide,,2026-08-22T23:59:13Z,https://primepeptides.co/testing/,unknown,,https://primepeptides.co/,True
Prime Peptides,prime_peptides,Semaglutide 5mg,3272026SM,5mg,80.0,16.0,3272026SM,Janoshik Analytical,janoshik,verified_on_lab_portal,True,543Q35ECX47Y,133988,99.681,https://primepeptides.co/testing/,['purity'],vendor,complete_lot_coa,,"['glp_analog_or_metabolic_peptide_listed', 'fda_warning_letter_2024-12-10_glp_marketing']",RUO,pqi_5a9a7cb4a3dfc71a,['HPLC'],"Testing page card dated 2026-04-10. Janoshik unique key present on card (543Q35ECX47Y); portal re-check NOT completed this pilot — status remains vendor_pdf not verified_on_lab_portal. FDA warning letter #695156 (2024-12-10) to Prime Vitality, Inc. dba Prime Peptides re: unapproved/misbranded Semaglutide & Retatrutide marketing despite RUO labeling. Source: FDA warning letter / contemporaneous press. Hold full Sep 2025 50+ crawl.; Portal recheck 2026-08-22: verified_on_lab_portal via janoshik.com/verification/?task=133988&key=543Q35ECX47Y (Open report + verify.janoshik.com Test Report #133988). Key also printed on Prime testing page. Portal HTML exposes report image only; no structured purity/date copied.",Semaglutide,,2026-08-22T23:59:13Z,https://primepeptides.co/testing/,unknown,5.0,https://primepeptides.co/,True
Prime Peptides,prime_peptides,Semaglutide 5mg,2182026SM,5mg,80.0,16.0,2182026SM,Accumark Labs,other,vendor_pdf,False,,,99.41,https://primepeptides.co/testing/,"['purity', 'endotoxin']",vendor,complete_lot_coa,Pass,"['glp_analog_or_metabolic_peptide_listed', 'fda_warning_letter_2024-12-10_glp_marketing']",RUO,pqi_c8223582f21152dd,['HPLC'],"Testing page card dated 2026-03-31. Lab: Accumark Labs FDA warning letter #695156 (2024-12-10) to Prime Vitality, Inc. dba Prime Peptides re: unapproved/misbranded Semaglutide & Retatrutide marketing despite RUO labeling. Source: FDA warning letter / contemporaneous press. Hold full Sep 2025 50+ crawl.; Portal recheck 2026-08-22: skipped Janoshik portal (non-Janoshik lab on COA card).",Semaglutide,,2026-08-22T23:59:13Z,https://primepeptides.co/testing/,unknown,5.0,https://primepeptides.co/,False
Prime Peptides,prime_peptides,Semaglutide 5mg,2122026SM,5mg,80.0,16.0,2122026SM,Vanguard Laboratory,other,vendor_pdf,False,,,99.02,https://primepeptides.co/testing/,"['purity', 'endotoxin']",vendor,complete_lot_coa,Pass,"['glp_analog_or_metabolic_peptide_listed', 'fda_warning_letter_2024-12-10_glp_marketing']",RUO,pqi_d66d6d3e601fb378,['HPLC'],"Testing page card dated 2026-03-25. Lab: Vanguard Laboratory FDA warning letter #695156 (2024-12-10) to Prime Vitality, Inc. dba Prime Peptides re: unapproved/misbranded Semaglutide & Retatrutide marketing despite RUO labeling. Source: FDA warning letter / contemporaneous press. Hold full Sep 2025 50+ crawl.; Portal recheck 2026-08-22: skipped Janoshik portal (non-Janoshik lab on COA card).",Semaglutide,,2026-08-22T23:59:13Z,https://primepeptides.co/testing/,unknown,5.0,https://primepeptides.co/,False
Prime Peptides,prime_peptides,Semaglutide 10mg,1052026SM,10mg,80.0,8.0,1052026SM,Janoshik Analytical,janoshik,verified_on_lab_portal,True,N9MVUV24BVJA,107695,99.524,https://primepeptides.co/testing/,['purity'],vendor,complete_lot_coa,,"['glp_analog_or_metabolic_peptide_listed', 'fda_warning_letter_2024-12-10_glp_marketing']",RUO,pqi_c9f5f3e26c07c85c,['HPLC'],"Testing page card dated 2026-02-16. Janoshik unique key present on card (N9MVUV24BVJA); portal re-check NOT completed this pilot — status remains vendor_pdf not verified_on_lab_portal. FDA warning letter #695156 (2024-12-10) to Prime Vitality, Inc. dba Prime Peptides re: unapproved/misbranded Semaglutide & Retatrutide marketing despite RUO labeling. Source: FDA warning letter / contemporaneous press. Hold full Sep 2025 50+ crawl.; Portal recheck 2026-08-22: verified_on_lab_portal via janoshik.com/verification/?task=107695&key=N9MVUV24BVJA (Open report + verify.janoshik.com Test Report #107695). Key also printed on Prime testing page. Portal HTML exposes report image only; no structured purity/date copied.",Semaglutide,,2026-08-22T23:59:13Z,https://primepeptides.co/testing/,unknown,10.0,https://primepeptides.co/,True
Prime Peptides,prime_peptides,Semaglutide 15mg,11092025SM,15mg,80.0,5.3333,11092025SM,Janoshik Analytical,janoshik,verified_on_lab_portal,True,M55FRN4QFTU8,101413,99.791,https://primepeptides.co/testing/,['purity'],vendor,complete_lot_coa,,"['glp_analog_or_metabolic_peptide_listed', 'fda_warning_letter_2024-12-10_glp_marketing']",RUO,pqi_e5b992d3d9d88eca,['HPLC'],"Testing page card dated 2026-01-22. Janoshik unique key present on card (M55FRN4QFTU8); portal re-check NOT completed this pilot — status remains vendor_pdf not verified_on_lab_portal. FDA warning letter #695156 (2024-12-10) to Prime Vitality, Inc. dba Prime Peptides re: unapproved/misbranded Semaglutide & Retatrutide marketing despite RUO labeling. Source: FDA warning letter / contemporaneous press. Hold full Sep 2025 50+ crawl.; Portal recheck 2026-08-22: verified_on_lab_portal via janoshik.com/verification/?task=101413&key=M55FRN4QFTU8 (Open report + verify.janoshik.com Test Report #101413). Key also printed on Prime testing page. Portal HTML exposes report image only; no structured purity/date copied.",Semaglutide,,2026-08-22T23:59:13Z,https://primepeptides.co/testing/,unknown,15.0,https://primepeptides.co/,True
Prime Peptides,prime_peptides,Semax,3222026SX,,50.0,,3222026SX,Janoshik Analytical,janoshik,verified_on_lab_portal,True,JFZZ2ITXE4DE,133989,99.625,https://primepeptides.co/testing/,['purity'],vendor,complete_lot_coa,,[],RUO,pqi_819feac0999dd095,['HPLC'],Testing page card dated 2026-04-10. Janoshik unique key present on card (JFZZ2ITXE4DE); portal re-check NOT completed this pilot — status remains vendor_pdf not verified_on_lab_portal.; Portal recheck 2026-08-22: verified_on_lab_portal via janoshik.com/verification/?task=133989&key=JFZZ2ITXE4DE (Open report + verify.janoshik.com Test Report #133989). Key also printed on Prime testing page. Portal HTML exposes report image only; no structured purity/date copied.,Semax,,2026-08-22T23:59:13Z,https://primepeptides.co/testing/,unknown,,https://primepeptides.co/,True
Prime Peptides,prime_peptides,Sermorelin 10mg,5082026SR,10mg,65.0,6.5,5082026SR,Janoshik Analytical,janoshik,verified_on_lab_portal,True,8VR2RYB2N8CP,194206,99.286,https://primepeptides.co/testing/,"['purity', 'endotoxin']",vendor,complete_lot_coa,Pass,[],RUO,pqi_d8165f56d61be590,['HPLC'],Testing page card dated 2026-06-23. amount 10.54 mg Janoshik unique key present on card (8VR2RYB2N8CP); portal re-check NOT completed this pilot — status remains vendor_pdf not verified_on_lab_portal.; Portal recheck 2026-08-22: verified_on_lab_portal via janoshik.com/verification/?task=194206&key=8VR2RYB2N8CP (Open report + verify.janoshik.com Test Report #194206). Key also printed on Prime testing page. Portal HTML exposes report image only; no structured purity/date copied.,Sermorelin,,2026-08-22T23:59:13Z,https://primepeptides.co/testing/,unknown,10.0,https://primepeptides.co/,True
Prime Peptides,prime_peptides,Sermorelin,01222026SR,,65.0,,01222026SR,Janoshik Analytical,janoshik,verified_on_lab_portal,True,4D75YRXCLPCL,107698,99.796,https://primepeptides.co/testing/,['purity'],vendor,complete_lot_coa,,[],RUO,pqi_d6589bb3dced495e,['HPLC'],Testing page card dated 2026-02-16. Janoshik unique key present on card (4D75YRXCLPCL); portal re-check NOT completed this pilot — status remains vendor_pdf not verified_on_lab_portal.; Portal recheck 2026-08-22: verified_on_lab_portal via janoshik.com/verification/?task=107698&key=4D75YRXCLPCL (Open report + verify.janoshik.com Test Report #107698). Key also printed on Prime testing page. Portal HTML exposes report image only; no structured purity/date copied.,Sermorelin,,2026-08-22T23:59:13Z,https://primepeptides.co/testing/,unknown,,https://primepeptides.co/,True
Prime Peptides,prime_peptides,TB-500 10mg,4062026,10mg,65.0,6.5,4062026,Janoshik Analytical,janoshik,verified_on_lab_portal,True,DIRHFPLAF23W,156391,98.893,https://primepeptides.co/testing/,"['purity', 'endotoxin']",vendor,complete_lot_coa,Pass,[],RUO,pqi_aec1124bdb4761d3,['HPLC'],Testing page card dated 2026-05-15. amount 10.28mg Janoshik unique key present on card (DIRHFPLAF23W); portal re-check NOT completed this pilot — status remains vendor_pdf not verified_on_lab_portal.; Portal recheck 2026-08-22: verified_on_lab_portal via janoshik.com/verification/?task=156391&key=DIRHFPLAF23W (Open report + verify.janoshik.com Test Report #156391). Key also printed on Prime testing page. Portal HTML exposes report image only; no structured purity/date copied.,TB-500,,2026-08-22T23:59:13Z,https://primepeptides.co/testing/,unknown,10.0,https://primepeptides.co/,True
Prime Peptides,prime_peptides,TB-500 10mg,4142026,10mg,65.0,6.5,4142026,Janoshik Analytical,janoshik,verified_on_lab_portal,True,4RFUBWHYXRKN,163763,99.521,https://primepeptides.co/testing/,"['purity', 'endotoxin']",vendor,complete_lot_coa,Pass,[],RUO,pqi_7229cac3202afd35,['HPLC'],Testing page card dated 2026-05-26. amount 10.24mg Janoshik unique key present on card (4RFUBWHYXRKN); portal re-check NOT completed this pilot — status remains vendor_pdf not verified_on_lab_portal.; Portal recheck 2026-08-22: verified_on_lab_portal via janoshik.com/verification/?task=163763&key=4RFUBWHYXRKN (Open report + verify.janoshik.com Test Report #163763). Key also printed on Prime testing page. Portal HTML exposes report image only; no structured purity/date copied.,TB-500,,2026-08-22T23:59:13Z,https://primepeptides.co/testing/,unknown,10.0,https://primepeptides.co/,True
Prime Peptides,prime_peptides,Tesamorelin 10mg,4182026TM,10mg,60.0,6.0,4182026TM,Janoshik Analytical,janoshik,verified_on_lab_portal,True,XD5YA8IFUCAU,170354,97.736,https://primepeptides.co/testing/,"['purity', 'endotoxin']",vendor,complete_lot_coa,Pass,[],RUO,pqi_cf74277e790dfd77,['HPLC'],Testing page card dated 2026-06-12. Janoshik unique key present on card (XD5YA8IFUCAU); portal re-check NOT completed this pilot — status remains vendor_pdf not verified_on_lab_portal.; Portal recheck 2026-08-22: verified_on_lab_portal via janoshik.com/verification/?task=170354&key=XD5YA8IFUCAU (Open report + verify.janoshik.com Test Report #170354). Key also printed on Prime testing page. Portal HTML exposes report image only; no structured purity/date copied.,Tesamorelin,,2026-08-22T23:59:13Z,https://primepeptides.co/testing/,unknown,10.0,https://primepeptides.co/,True
Prime Peptides,prime_peptides,GLP-2 10mg,3122026TR,10mg,115.0,11.5,3122026TR,Janoshik Analytical,janoshik,vendor_pdf,False,,,99.8,https://primepeptides.co/testing/,"['purity', 'endotoxin']",vendor,complete_lot_coa,Pass,"['glp_analog_or_metabolic_peptide_listed', 'fda_warning_letter_2024-12-10_glp_marketing']",RUO,pqi_49060653c4303ee8,['HPLC'],"Testing page card dated 2026-04-22. FDA warning letter #695156 (2024-12-10) to Prime Vitality, Inc. dba Prime Peptides re: unapproved/misbranded Semaglutide & Retatrutide marketing despite RUO labeling. Source: FDA warning letter / contemporaneous press. Hold full Sep 2025 50+ crawl.; Portal recheck 2026-08-22: Task#+Unique key not on Prime testing page for this batch; verification_key_present overstated / link-only. Left verification_status=vendor_pdf.",GLP-2,,2026-08-22T23:59:13Z,https://primepeptides.co/testing/,unknown,10.0,https://primepeptides.co/,False
Prime Peptides,prime_peptides,GLP-2 30mg,26070201,30mg,115.0,3.8333,26070201,Freedom Diagnostics,other,vendor_pdf,False,,,99.92,https://primepeptides.co/testing/,"['purity', 'endotoxin']",vendor,complete_lot_coa,Pass,"['glp_analog_or_metabolic_peptide_listed', 'fda_warning_letter_2024-12-10_glp_marketing']",RUO,pqi_912592891cb27cd7,['HPLC'],"Testing page card dated 2026-07-07. Lab: Freedom Diagnostics; content 34.10 mg; identity GLP TZ FDA warning letter #695156 (2024-12-10) to Prime Vitality, Inc. dba Prime Peptides re: unapproved/misbranded Semaglutide & Retatrutide marketing despite RUO labeling. Source: FDA warning letter / contemporaneous press. Hold full Sep 2025 50+ crawl.; Portal recheck 2026-08-22: skipped Janoshik portal (non-Janoshik lab on COA card).",GLP-2,,2026-08-22T23:59:13Z,https://primepeptides.co/testing/,unknown,30.0,https://primepeptides.co/,False
Prime Peptides,prime_peptides,GLP-2 30mg,26070902,30mg,115.0,3.8333,26070902,Freedom Diagnostics,other,vendor_pdf,False,,,99.97,https://primepeptides.co/testing/,"['purity', 'endotoxin']",vendor,complete_lot_coa,Pass,"['glp_analog_or_metabolic_peptide_listed', 'fda_warning_letter_2024-12-10_glp_marketing']",RUO,pqi_e09bebb0eb8c519a,['HPLC'],"Testing page card dated 2026-07-15. Lab: Freedom Diagnostics; content 31.10 mg FDA warning letter #695156 (2024-12-10) to Prime Vitality, Inc. dba Prime Peptides re: unapproved/misbranded Semaglutide & Retatrutide marketing despite RUO labeling. Source: FDA warning letter / contemporaneous press. Hold full Sep 2025 50+ crawl.; Portal recheck 2026-08-22: skipped Janoshik portal (non-Janoshik lab on COA card).",GLP-2,,2026-08-22T23:59:13Z,https://primepeptides.co/testing/,unknown,30.0,https://primepeptides.co/,False
Prime Peptides,prime_peptides,GLP-2,3112026TR,,115.0,,3112026TR,Janoshik Analytical,janoshik,verified_on_lab_portal,True,KPWBTW3YNII7,150104,99.879,https://primepeptides.co/testing/,"['purity', 'endotoxin']",vendor,complete_lot_coa,Pass,"['glp_analog_or_metabolic_peptide_listed', 'fda_warning_letter_2024-12-10_glp_marketing']",RUO,pqi_3504499820cfb34a,['HPLC'],"Testing page card dated 2026-04-28. Janoshik unique key present on card (KPWBTW3YNII7); portal re-check NOT completed this pilot — status remains vendor_pdf not verified_on_lab_portal. FDA warning letter #695156 (2024-12-10) to Prime Vitality, Inc. dba Prime Peptides re: unapproved/misbranded Semaglutide & Retatrutide marketing despite RUO labeling. Source: FDA warning letter / contemporaneous press. Hold full Sep 2025 50+ crawl.; Portal recheck 2026-08-22: verified_on_lab_portal via janoshik.com/verification/?task=150104&key=KPWBTW3YNII7 (Open report + verify.janoshik.com Test Report #150104). Key also printed on Prime testing page. Portal HTML exposes report image only; no structured purity/date copied.",GLP-2,,2026-08-22T23:59:13Z,https://primepeptides.co/testing/,unknown,,https://primepeptides.co/,True
Prime Peptides,prime_peptides,GLP-2,3082026TR,,115.0,,3082026TR,Janoshik Analytical,janoshik,verified_on_lab_portal,True,D2VINRAVG3QR,150106,99.815,https://primepeptides.co/testing/,"['purity', 'endotoxin']",vendor,complete_lot_coa,Pass,"['glp_analog_or_metabolic_peptide_listed', 'fda_warning_letter_2024-12-10_glp_marketing']",RUO,pqi_db77607a6b0ece6c,['HPLC'],"Testing page card dated 2026-04-28. Janoshik unique key present on card (D2VINRAVG3QR); portal re-check NOT completed this pilot — status remains vendor_pdf not verified_on_lab_portal. FDA warning letter #695156 (2024-12-10) to Prime Vitality, Inc. dba Prime Peptides re: unapproved/misbranded Semaglutide & Retatrutide marketing despite RUO labeling. Source: FDA warning letter / contemporaneous press. Hold full Sep 2025 50+ crawl.; Portal recheck 2026-08-22: verified_on_lab_portal via janoshik.com/verification/?task=150106&key=D2VINRAVG3QR (Open report + verify.janoshik.com Test Report #150106). Key also printed on Prime testing page. Portal HTML exposes report image only; no structured purity/date copied.",GLP-2,,2026-08-22T23:59:13Z,https://primepeptides.co/testing/,unknown,,https://primepeptides.co/,True
Prime Peptides,prime_peptides,GLP-2 60mg,01266026TR,60mg,115.0,1.9167,01266026TR,Janoshik Analytical,janoshik,verified_on_lab_portal,True,PH7FVLXLCMMX,107699,99.895,https://primepeptides.co/testing/,['purity'],vendor,complete_lot_coa,,"['glp_analog_or_metabolic_peptide_listed', 'fda_warning_letter_2024-12-10_glp_marketing']",RUO,pqi_316c41e77c3bc905,['HPLC'],"Testing page card dated 2026-02-16. Janoshik unique key present on card (PH7FVLXLCMMX); portal re-check NOT completed this pilot — status remains vendor_pdf not verified_on_lab_portal. FDA warning letter #695156 (2024-12-10) to Prime Vitality, Inc. dba Prime Peptides re: unapproved/misbranded Semaglutide & Retatrutide marketing despite RUO labeling. Source: FDA warning letter / contemporaneous press. Hold full Sep 2025 50+ crawl.; Portal recheck 2026-08-22: verified_on_lab_portal via janoshik.com/verification/?task=107699&key=PH7FVLXLCMMX (Open report + verify.janoshik.com Test Report #107699). Key also printed on Prime testing page. Portal HTML exposes report image only; no structured purity/date copied.",GLP-2,,2026-08-22T23:59:13Z,https://primepeptides.co/testing/,unknown,60.0,https://primepeptides.co/,True
Prime Peptides,prime_peptides,Wolverine Blend 20mg,26062101,20mg,80.0,4.0,26062101,,unknown,vendor_pdf,False,,,99.41,https://primepeptides.co/testing/,"['purity', 'endotoxin', 'microbial_pcr']",vendor,complete_lot_coa,Pass,[],RUO,pqi_2b87488710c27efa,"['HPLC', 'PCR']",Testing page card dated 2026-06-06. BPC-157 13.01; TB-500 12.08; Microbial Analysis (PCR): Pass; Portal recheck 2026-08-22: Task#+Unique key not on Prime testing page for this batch; verification_key_present overstated / link-only. Left verification_status=vendor_pdf.,Wolverine Blend,,2026-08-22T23:59:13Z,https://primepeptides.co/testing/,tested,20.0,https://primepeptides.co/,False
